HNO,plot,Code,cm^2,STDEV,Perimeter,Circ,,Round,Solidity,Lengths (cm) or Major,Minor,Angle,Length 2 cm
H1,24,PL1,21.943,0.624,,,,,,,,,
H1,24,PL2,21.795,0.03,,,,,,,,,
H1,24,STEM,2.257,0,,,,,,,,,
H2,24,PL1,22.634,0.223,,,,,,,,,
H2,24,PL2,21.664,1.545,,,,,,,,,
H2,24,V1,41.625,1.521,,,,,,,,,
H2,24,V2,13.641,0.48,,,,,,,,,
H2,24,V3,0.791,0,,,,,,,,,
H2,24,STEM,4.909,2.051,,,,,,,,,
H3,24,PL1,20.115,0.368,,,,,,,,,
H3,24,PL2,17.033,0.751,,,,,,,,,
H3,24,V1,68.711,0.518,,,,,,,,,
H3,24,V2,122.209,2.86,,,,,,,,,
H3,24,V3,39.461,1.625,,,,,,,,,
H3,24,V4,8.299,2.538,,,,,,,,,
H3,24,V5,0.811,0.357,,,,,,,,,
H3,24,STEM,12.403,0.926,,,,,,,,,
H3,24,B1,2.443,0.336,,,,,,,,,
H4,24,PL1,36.434,2.492,,,,,,,,,
H4,24,PL2,25.739,1.424,,,,,,,,,
H4,24,V1,160.084,1.211,,,,,,,,,
H4,24,V2,113.67,2.662,,,,,,,,,
H4,24,V3,79.362,3.553,,,,,,,,,
H4,24,V4,172.397,0.907,,,,,,,,,
H4,24,V5,213.871,0.566,,,,,,,,,
H4,24,V6,172.789,2.544,,,,,,,,,
H4,24,V7,54.875,7.709,,,,,,,,,
H4,24,V8,8.306,0.212,,,,,,,,,
H4,24,V9,1.083,0,,,,,,,,,
H4,24,STEM,91.058,17.841,,,,,,,,,
H4,24,B1,168.493,4.4,,,,,,,,,
H4,24,B2,57.312,8.04,,,,,,,,,
H4,24,B3,99.863,1.321,,,,,,,,,
H4,24,B4,56.577,2.545,,,,,,,,,
H4,24,B5,5.191,1.361,,,,,,,,,
H4,24,B6,142.144,0.362,,,,,,,,,
H4,24,B7,111.242,1.003,,,,,,,,,
H4,24,B8,51.239,4.02,,,,,,,,,
H4,24,B9,29.449,3.878,,,,,,,,,
H4,24,B10,4.644,1.636,,,,,,,,,
H4,24,B11,3.28,3.84,,,,,,,,,
H4,24,B12,2.828,2.779,,,,,,,,,
H4,24,B13,1.065,0,,,,,,,,,
H4,24,B14,0.698,0,,,,,,,,,
H4,24,B15,0.701,0.946,,,,,,,,,
H4,24,B16,0.54,0.678,,,,,,,,,
H5,24,PL1,26.011,0.687,,,,,,,,,
H5,24,PL2,26.409,0.275,,,,,,,,,
H5,24,V1,232.074,13.887,,,,,,,,,
H5,24,V2,258.648,5.69,,,,,,,,,
H5,24,V3,252.583,3.769,,,,,,,,,
H5,24,V4,189.966,2.793,,,,,,,,,
H5,24,V5,113.785,2.433,,,,,,,,,
H5,24,V6,41.861,0.178,,,,,,,,,
H5,24,V7,163.705,4.846,,,,,,,,,
H5,24,V8,145.585,3.101,,,,,,,,,
H5,24,V9,81.649,1.971,,,,,,,,,
H5,24,V10,9.25,6.822,,,,,,,,,
H5,24,V11,0.974,0,,,,,,,,,
H5,24,V12,0.943,0,,,,,,,,,
H5,24,B1,93.364,9.62,,,,,,,,,
H5,24,B2,90.928,0.465,,,,,,,,,
H5,24,B3,77.434,0.924,,,,,,,,,
H5,24,B4,113.146,1.943,,,,,,,,,
H5,24,B5,151.451,6.688,,,,,,,,,
H5,24,B6,178.478,2.46,,,,,,,,,
H5,24,B7,260.849,5.637,,,,,,,,,
H5,24,B8,152.512,0.748,,,,,,,,,
H5,24,B9,66.052,2.58,,,,,,,,,
H5,24,B10,38.936,5.984,,,,,,,,,
H5,24,B11,6.22,9.165,,,,,,,,,
H5,24,B12,75.495,5.907,,,,,,,,,
H5,24,B13,230.883,0.585,,,,,,,,,
H5,24,B14,11.875,3.284,,,,,,,,,
H5,24,B15,9.408,1.012,,,,,,,,,
H5,24,B16,26.061,7.653,,,,,,,,,
H5,24,B17,146.03,5.325,,,,,,,,,
H5,24,B18,108.851,6.57,,,,,,,,,
H5,24,B19,9.859,5.286,,,,,,,,,
H5,24,B20,2.241,0,,,,,,,,,
H5,24,B21,1.311,0.756,,,,,,,,,
H5,24,B22,0.816,1.021,,,,,,,,,
H5,24,B23,29.71,,,,,,,,,,
H5,24,B24,9.029,,,,,,,,,,
H5,24,STEM,250.075,14.519,430.358,0.017,,0.627,0.474,,,,
H7,24,B1,171.317,1.728,94.53,0.241,,0.773,NaN,,,,
H7,24,B2,47.997,9.67,47.865,0.263,,0.783,0.77,,,,
H7,24,B3,190.209,1.462,80.079,0.373,,0.896,0.778,,,,
H7,24,B4,1.614,2.317,9.642,0.218,,0.891,0.786,,,,
H7,24,B5,186.964,0.94,81.435,0.354,,0.922,0.74,,,,
H7,24,B6,10.911,1.273,19.369,0.365,,0.841,0.788,,,,
H7,24,B7,59.093,0.677,39.929,0.466,,0.528,0.789,,,,
H7,24,B8,180.866,0.866,80.413,0.351,,0.843,0.725,,,,
H7,24,B9,135.679,7.998,74.352,0.308,,0.858,0.758,,,,
H7,24,B10,135.85,5.037,66.542,0.386,,0.911,0.789,,,,
H7,24,B11,10.394,0.652,17.786,0.413,,0.893,0.78,,,,
H7,24,B12,117.316,1.187,144.78,0.07,,0.785,0.67,,,,
H7,24,B13,2.458,0.832,7.265,0.585,,0.921,0.922,,,,
H7,24,B14,148.794,2.082,78.347,0.305,,0.908,0.71,,,,
H7,24,B15,79.812,0.75,75.636,0.175,,0.804,0.717,,,,
H7,24,B16,178.436,1.975,71.597,0.437,,0.878,0.804,,,,
H7,24,B17,130.14,2.078,68.212,0.351,,0.872,0.832,,,,
H7,24,B18,40.673,0.353,32.776,0.476,,0.817,0.813,,,,
H7,24,B19,50.054,0.858,37.3,0.452,,0.876,0.813,,,,
H7,24,B20,81.118,2.556,59.659,0.286,,0.577,0.718,,,,
H7,24,B21,61.718,8.27,54.356,0.263,,0.832,0.719,,,,
H7,24,B22,105.1,14.859,61.081,0.354,,0.906,0.777,,,,
H7,24,B23,48.179,1.574,37.493,0.431,,0.989,0.864,,,,
H7,24,B24,137.692,6.286,68.787,0.366,,0.812,0.834,,,,
H7,24,B25,186.437,3.84,103.155,0.22,,0.876,0.71,,,,
H7,24,B26,13.363,4.95,19.855,0.426,,0.747,0.823,,,,
H7,24,B27,13.95,1.53,19.596,0.457,,0.721,0.807,,,,
H7,24,B28,113.746,0.41,60.497,0.391,,0.94,0.822,,,,
H7,24,B29,112.035,1.757,62.644,0.359,,0.803,0.847,,,,
H7,24,B30,217.626,3.235,90.869,0.331,,0.955,0.766,,,,
H7,24,B31,158.58,0.858,81.94,0.297,,0.841,0.726,,,,
H7,24,B32,13.22,2.245,19.98,0.416,,0.828,0.809,,,,
H7,24,B33,15.671,2.858,26.436,0.282,,0.783,0.703,,,,
H7,24,B34,9.365,7.429,14.732,0.542,,0.771,0.897,,,,
H7,24,B35,20.612,0,20.202,0.635,,0.725,0.933,,,,
H7,24,B36,4.33E-04,0,0.059,1,,1,1,,,,
H7,24,B37,9.592,1.527,18.349,0.358,,0.642,0.796,,,,
H7,24,B38,12.293,1.465,22.806,0.297,,0.501,0.649,,,,
H7,24,B39,1.337,2.134,7.045,0.339,,0.868,0.805,,,,
H7,24,B40,54.601,7.569,40.989,0.408,,0.893,0.875,,,,
H7,24,B41,1.11,0.793,7.649,0.238,,0.399,0.781,,,,
H7,24,B42,108.817,2.484,51.806,0.51,,0.927,0.878,,,,
H7,24,B43,134.282,0.402,92.029,0.199,,0.753,0.745,,,,
H7,24,B44,59.876,1.375,57.135,0.23,,0.82,0.76,,,,
H7,24,B45,17.014,0.307,27.002,0.293,,0.724,0.731,,,,
H7,24,B46,22.523,2.544,24.277,0.48,,0.689,0.922,,,,
H7,24,B47,19.912,2.493,20.511,0.595,,0.702,0.901,,,,
H7,24,B48,6.797,0.873,16.167,0.327,,0.819,0.713,,,,
H7,24,B49,83.342,0.494,55.259,0.343,,0.757,0.783,,,,
H7,24,B50,109.983,1.281,85.786,0.188,,0.767,0.679,,,,
H7,24,B51,122.834,0.599,92.431,0.181,,0.86,0.702,,,,
H7,24,B52,144.18,2.506,69.488,0.375,,0.96,0.833,,,,
H7,24,B53,201.329,10.391,91.25,0.304,,0.926,0.72,,,,
H7,24,B54,57.532,4.624,49.476,0.295,,0.771,0.706,,,,
H7,24,B55,112.515,2.778,60.291,0.389,,0.907,0.801,,,,
H7,24,B56,2.171,1.311,8.931,0.342,,0.716,0.77,,,,
H7,24,B57,56.088,0.694,59.458,0.199,,0.825,0.664,,,,
H7,24,B58,1.254,0.702,5.638,0.496,,0.944,0.81,,,,
H7,24,B59,141.421,8.406,87.124,0.234,,0.975,0.793,,,,
H7,24,B60,98.461,0.509,79.407,0.196,,0.905,0.713,,,,
H7,24,B61,67.761,1.033,48.043,0.369,,0.824,0.751,,,,
H7,24,B62,146.689,1.475,82.568,0.27,,0.753,0.758,,,,
H7,24,B63,22.51,7.46,29.84,0.318,,0.722,0.72,,,,
H7,24,B64,7.546,0.714,14.475,0.453,,0.6,0.895,,,,
H7,24,P1,,,,,,,,2.741,,,
H7,24,P2,,,,,,,,6.358,,,
H7,24,P3,,,,,,,,4.689,,,
H7,24,P4,,,,,,,,5.864,,,
H7,24,P5,,,,,,,,6.323,,,
H7,24,P6,,,,,,,,6.748,,,
H7,24,P7,,,,,,,,8.907,,,
H7,24,P8,,,,,,,,7.326,,,
H7,24,P9,,,,,,,,8.933,,,
H7,24,P10,,,,,,,,7.829,,,
H7,24,P11,,,,,,,,3.333,,,
H7,24,P12,,,,,,,,1.714,,,
H7,24,P13,,,,,,,,2.12,,,
H7,24,P14,,,,,,,,3.662,,,
H7,24,P15,,,,,,,,2.031,,,
H7,24,P16,,,,,,,,4.955,,,
H7,24,P17,,,,,,,,4.066,,,
H7,24,P18,,,,,,,,4.508,,,
H7,24,P19,,,,,,,,3.516,,,
H7,24,P20,,,,,,,,3.239,,,
H7,24,P21,,,,,,,,2.487,,,
H7,24,P22,,,,,,,,4.868,,,
H7,24,P23,,,,,,,,6.632,,,
H7,24,P24,,,,,,,,6.833,,,
H7,24,P25,,,,,,,,6.532,,,
H7,24,P26,,,,,,,,6.43,,,
H7,24,P27,,,,,,,,8.01,,,
H7,24,P28,,,,,,,,6.654,,,
H7,24,P29,,,,,,,,8.075,,,
H7,24,MSLength,,,,,,,,130.595,,,
H8,24,PL1,41.152,4.402,43.774,0.27,,0.642,0.856,,,,
H8,24,V1,184.419,3.009,87.958,0.3,,0.797,0.805,,,,
H8,24,V2,102.051,0.672,70.532,0.258,,0.882,0.738,,,,
H8,24,V3,71.412,2.558,51.822,0.334,,0.94,0.789,,,,
H8,24,V4,8.03,0.838,16.874,0.354,,0.757,0.728,,,,
H8,24,B1,34.287,,,,,,,,,,
H8,24,B2,54.543,,,,,,,,,,
H8,24,B3,3.803,,,,,,,,,,
H8,24,B4,82.647,,,,,,,,,,
H8,24,B5,42.751,,,,,,,,,,
H8,24,B6,63.317,,,,,,,,,,
H8,24,B7,47.417,,,,,,,,,,
H8,24,B8,146.704,,,,,,,,,,
H8,24,B9,90.386,,,,,,,,,,
H8,24,B10,59.571,,,,,,,,,,
H8,24,B11,51.366,,,,,,,,,,
H8,24,B12,98.16,,,,,,,,,,
H8,24,B13,85.04,,,,,,,,,,
H8,24,B14,39.391,,,,,,,,,,
H8,24,B15,18.118,,,,,,,,,,
H8,24,B16,3.841,,,,,,,,,,
H8,24,B17,19.848,,,,,,,,,,
H8,24,B18,65.097,,,,,,,,,,
H8,24,B19,17.933,,,,,,,,,,
H8,24,B20,31.172,,,,,,,,,,
H8,24,B21,31.121,,,,,,,,,,
H8,24,B22,44.607,,,,,,,,,,
H8,24,B23,68.973,,,,,,,,,,
H8,24,B24,89.974,,,,,,,,,,
H8,24,B25,62.806,,,,,,,,,,
H8,24,B26,106.819,,,,,,,,,,
H8,24,B27,100.101,,,,,,,,,,
H8,24,B28,155.194,,,,,,,,,,
H8,24,B29,108.253,,,,,,,,,,
H8,24,B30,52.013,,,,,,,,,,
H8,24,B31,27.685,,,,,,,,,,
H8,24,B32,73.39,,,,,,,,,,
H8,24,B33,95.439,,,,,,,,,,
H8,24,B34,32.475,,,,,,,,,,
H8,24,B35,15.672,,,,,,,,,,
H8,24,B36,7.04E-04,,,,,,,,,,
H8,24,B37,231.11,,,,,,,,,,
H8,24,B38,40.105,,,,,,,,,,
H8,24,B39,43.768,,,,,,,,,,
H8,24,B40,40.126,,,,,,,,,,
H8,24,B41,219.95,,,,,,,,,,
H8,24,B42,120.185,,,,,,,,,,
H8,24,B43,251.559,,,,,,,,,,
H8,24,B44,110.568,,,,,,,,,,
H8,24,B45,150.692,,,,,,,,,,
H8,24,B46,22.672,,,,,,,,,,
H8,24,B47,132.77,,,,,,,,,,
H8,24,B48,215.406,,,,,,,,,,
H8,24,B49,170.734,,,,,,,,,,
H8,24,B50,56.067,,,,,,,,,,
H8,24,B51,89.392,,,,,,,,,,
H8,24,B52,406.779,,,,,,,,,,
H8,24,B53,139.664,,,,,,,,,,
H8,24,B54,91.155,,,,,,,,,,
H8,24,B55,20.559,,,,,,,,,,
H8,24,B56,21.631,,,,,,,,,,
H8,24,B57,251.655,,,,,,,,,,
H8,24,B58,10.261,,,,,,,,,,
H8,24,B59,54.109,,,,,,,,,,
H8,24,B60,24.957,,,,,,,,,,
H8,24,B61,12.936,,,,,,,,,,
H8,24,B62,27.235,,,,,,,,,,
H8,24,B63,6.931,,,,,,,,,,
H8,24,B64,8.971,,,,,,,,,,
H8,24,B65,44.306,,,,,,,,,,
H8,24,B66,5.162,,,,,,,,,,
H8,24,B67,4.223,,,,,,,,,,
H8,24,B68,16.11,,,,,,,,,,
H8,24,B69,18.644,,,,,,,,,,
H8,24,B70,78.729,,,,,,,,,,
H8,24,B71,12.359,,,,,,,,,,
H8,24,B72,6.859,,,,,,,,,,
H8,24,B73,2.494,,,,,,,,,,
H8,24,B74,16.602,,,,,,,,,,
H8,24,B75,63.672,,,,,,,,,,
H8,24,B76,78.289,,,,,,,,,,
H8,24,B77,9.706,,,,,,,,,,
H8,24,B78,13.111,,,,,,,,,,
H8,24,B79,7.659,,,,,,,,,,
H8,24,B80,136.293,,,,,,,,,,
H8,24,B81,22.416,,,,,,,,,,
H8,24,B82,22.077,,,,,,,,,,
H8,24,B83,28.666,,,,,,,,,,
H8,24,B84,6.525,,,,,,,,,,
H8,24,B85,26.679,,,,,,,,,,
H8,24,B86,4.296,,,,,,,,,,
H8,24,B87,17.248,,,,,,,,,,
H8,24,B88,113.795,,,,,,,,,,
H8,24,B89,3.81,,,,,,,,,,
H8,24,B90,1.733,,,,,,,,,,
H8,24,B91,15.619,,,,,,,,,,
H8,24,B92,6.002,,,,,,,,,,
H8,24,B93,4.516,,,,,,,,,,
H8,24,B94,8.111,,,,,,,,,,
H8,24,B95,5.152,,,,,,,,,,
H8,24,B96,5.389,,,,,,,,,,
H8,24,B97,2.509,,,,,,,,,,
H8,24,B98,3.387,,,,,,,,,,
H8,24,B99,0.997,,,,,,,,,,
H8,24,B100,6.245,,,,,,,,,,
H8,24,B101,6.138,,,,,,,,,,
H8,24,B102,57.839,,,,,,,,,,
H8,24,B103,18.806,,,,,,,,,,
H8,24,B104,3.758,,,,,,,,,,
H8,24,B105,10.939,,,,,,,,,,
H8,24,B106,1.689,,,,,,,,,,
H8,24,B107,7.065,,,,,,,,,,
H8,24,B108,2.303,,,,,,,,,,
H8,24,B109,67.018,,,,,,,,,,
H8,24,B110,206.568,,,,,,,,,,
H8,24,B111,158.317,,,,,,,,,,
H8,24,B112,27.782,,,,,,,,,,
H8,24,B113,10.851,,,,,,,,,,
H8,24,B114,7.57,,,,,,,,,,
H8,24,B115,50.489,,,,,,,,,,
H8,24,B116,69.733,,,,,,,,,,
H8,24,B117,18.262,,,,,,,,,,
H8,24,B118,31.907,,,,,,,,,,
H8,24,B119,21.718,,,,,,,,,,
H8,24,MSLength,,,,,,,,59.947,,,
H8,24,P1,,,,,,,,6.19,,,
H8,24,P2,,,,,,,,5.713,,,
H8,24,P3,,,,,,,,5.284,,,
H8,24,P4,,,,,,,,8.26,,,
H8,24,P5,,,,,,,,6.039,,,
H8,24,P6,,,,,,,,6.498,,,
H8,24,P7,,,,,,,,6.21,,,
H8,24,P8,,,,,,,,7.006,,,
H8,24,P9,,,,,,,,5.849,,,
H8,24,P10,,,,,,,,6.75,,,
H8,24,P11,,,,,,,,7.372,,,
H8,24,P12,,,,,,,,7.759,,,
H8,24,P13,,,,,,,,7.238,,,
H8,24,P14,,,,,,,,8.15,,,
H8,24,P15,,,,,,,,8.604,,,
H8,24,P16,,,,,,,,5.13,,,
H8,24,P17,,,,,,,,2.796,,,
H8,24,P18,,,,,,,,3.859,,,
H8,24,P19,,,,,,,,5.79,,,
H8,24,P20,,,,,,,,3.105,,,
H8,24,P21,,,,,,,,4.076,,,
H8,24,P22,,,,,,,,5.008,,,
H8,24,P23,,,,,,,,5.584,,,
H8,24,P24,,,,,,,,6.016,,,
H8,24,P25,,,,,,,,7.439,,,
H8,24,P26,,,,,,,,6.978,,,
H8,24,P27,,,,,,,,5.105,,,
H8,24,P28,,,,,,,,5.268,,,
H8,24,P29,,,,,,,,6.38,,,
H8,24,P30,,,,,,,,6.925,,,
H8,24,P31,,,,,,,,4.768,,,
H8,24,P32,,,,,,,,6.217,,,
H8,24,P33,,,,,,,,3.385,,,
H8,24,P34,,,,,,,,3.946,,,
H8,24,P35,,,,,,,,3.942,,,
H8,24,P36,,,,,,,,4.053,,,
H8,24,P37,,,,,,,,3.415,,,
H8,24,P38,,,,,,,,7.266,,,
H8,24,P39,,,,,,,,5.046,,,
H8,24,P40,,,,,,,,4.223,,,
H8,24,P41,,,,,,,,4.092,,,
H8,24,P42,,,,,,,,3.003,,,
H8,24,P43,,,,,,,,2.199,,,
H8,24,P44,,,,,,,,2.553,,,
H8,24,P45,,,,,,,,3.46,,,
H8,24,P46,,,,,,,,1.869,,,
H8,24,P47,,,,,,,,3.089,,,
H8,24,P48,,,,,,,,2.642,,,
H8,24,P49,,,,,,,,1.111,,,
H8,24,P50,,,,,,,,1.686,,,
H8,24,P51,,,,,,,,1.82,,,
H8,24,P52,,,,,,,,2.24,,,
H8,24,P53,,,,,,,,2.201,,,
H8,24,P54,,,,,,,,4.534,,,
H8,24,P55,,,,,,,,2.991,,,
H8,24,P56,,,,,,,,1.872,,,
H8,24,P57,,,,,,,,6.946,,,
H8,24,P58,,,,,,,,6.984,,,
H8,24,P59,,,,,,,,6.621,,,
H8,24,P60,,,,,,,,6.089,,,
H8,24,P61,,,,,,,,2.243,,,
FH,24,PCI1,5.555,,17.838,,,,,6.477,1.092,97.246,
FH,24,PCI2,10.104,,24.194,,,,,8.531,1.508,94.234,
FH,24,PCI3,8.864,,20.352,,,,,7.377,1.53,98.713,
FH,24,PCI4,9.6,,20.96,,,,,8.271,1.478,99.536,
FH,24,PCI5,8.617,,19.702,,,,,7.353,1.492,84.347,
FH,24,PCI6,10.353,,24.907,,,,,8.735,1.509,86.649,
FH,24,PCI7,5.096,,14.696,,,,,5.315,1.221,76.983,
FH,24,PCI8,5.309,,14.709,,,,,5.023,1.346,70.389,
FH,24,PCI9,11.238,,22.237,,,,,9.328,1.534,60.899,
FH,24,PCI10,8.161,,18.774,,,,,7.339,1.416,101.54,
FH,24,PCI11,5.136,,12.907,,,,,5.159,1.268,105.105,
FH,24,PCI12,8.118,,22.129,,,,,7.363,1.404,94.649,
FH,24,PCI13,6.486,,16.246,,,,,6.303,1.31,116.853,
FH,24,PCI14,5.107,,15.026,,,,,5.559,1.17,116.908,
FH,24,PCI15,10.296,,22.134,,,,,8.3,1.579,108.299,
FH,24,PCI16,10.199,,20.771,,,,,8.566,1.516,110.207,
FH,24,PCI17,8.611,,19.023,,,,,7.38,1.486,111.269,
FH,24,PCI18,8.171,,17.912,,,,,7.057,1.474,112.504,
FH,24,PCI19,10.219,,20.276,,,,,7.871,1.653,80.007,
FH,24,PCI20,13.165,,23.961,,,,,8.68,1.931,84.862,
FH,24,PCI21,8.91,,20.403,,,,,8.352,1.358,103.664,
FH,24,PCI22,7.443,,19.342,,,,,7.268,1.304,90.137,
FH,24,PCI23,4.475,,14.296,,,,,5.286,1.078,69.327,
FH,24,PCI24,9.775,,22.025,,,,,8.273,1.504,84.081,
FH,24,PCI25,9.351,,20.966,,,,,7.991,1.49,95.614,
FH,24,PCI26,10.864,,23.576,,,,,8.733,1.584,89.774,
FH,24,PCI27,8.509,,19.1,,,,,7.613,1.423,87.197,
FH,24,PCI28,9.55,,20.069,,,,,8.268,1.471,74.685,
FH,24,PCI29,7.541,,19.637,,,,,6.839,1.404,84.878,
FH,24,PCI30,7.94,,19.166,,,,,7.397,1.367,88.21,
FH,24,PCI31,11.354,,22.177,,,,,8.389,1.723,83.172,
FH,24,PCI32,6.606,,18.725,,,,,6.513,1.291,75.458,
FH,24,PCI33,6.295,,17.31,,,,,5.522,1.452,81.746,
FH,24,PCI34,3.514,,13.512,,,,,3.73,1.2,83.847,
FH,24,PCI35,5.876,,18.031,,,,,5.786,1.293,89.221,
FH,24,PCI36,3.851,,13.094,,,,,4.471,1.097,78.393,
FH,24,PCI37,5.126,,14.579,,,,,5.687,1.148,97.741,
FH,24,PCI38,5.723,,14.217,,,,,4.708,1.548,115.93,
FH,24,PCI39,13.78,,36.919,,,,,12.085,1.452,79.612,
FH,24,PCI40,7.693,,19.378,,,,,7.825,1.252,86.761,
FH,24,PCI41,6.054,,17.207,,,,,5.021,1.535,77.848,
FH,24,PCI42,6.646,,15.908,,,,,6.389,1.324,82.78,
FH,24,PCII1,4.724,,15.251,,,,,4.958,1.213,88.954,
FH,24,PCII2,1.38,,10.031,,,,,3.316,0.53,73.88,
FH,24,PCII3,2.148,,11.105,,,,,2.949,0.927,83.228,
FH,24,PCIII1,4.651,,14.301,,,,,4.206,1.408,103.573,
FH,24,PCIII2,2.785,,15.44,,,,,4.475,0.792,102.483,
FH,24,PCIII3,3.639,,14.753,,,,,4.747,0.976,88.778,
FH,24,PCIII4,4.36,,16.261,,,,,3.115,1.783,92.061,
FH,24,PCIII5,8.102,,20.647,,,,,7.925,1.302,95.038,
FH,24,PCIII6,2.265,,10.26,,,,,3.414,0.845,84.871,
FH,24,PCIII7,2.645,,11.634,,,,,3.556,0.947,35.497,
FH,24,PCIII8,6.563,,18.402,,,,,6.453,1.295,28.292,
FH,24,PCIII9,7.374,,19.14,,,,,6.59,1.425,111.456,
FH,24,PCIII10,4.368,,15.502,,,,,5.671,0.981,99.945,
FH,24,PCIII11,6.19,,16.547,,,,,6.016,1.31,131.631,
FH,24,PCIII12,9.243,,26.078,,,,,7.092,1.659,93.336,
FH,24,PCIII13,7.978,,21.658,,,,,7.007,1.45,89.418,
FH,24,PCIII14,5.365,,21.189,,,,,5.08,1.345,103.428,
FH,24,PCIII15,5.032,,16.152,,,,,4.811,1.332,73.508,
FH,24,PCIII16,8.989,,19.886,,,,,8.698,1.316,62.815,
FH,24,PCIII17,3.27,,15.471,,,,,5.201,0.801,100.915,
FH,24,PCIII18,6.82,,18.58,,,,,7.296,1.19,49.285,
FH,24,PCIII19,5.633,,21.805,,,,,5.798,1.237,77.676,
FH,24,PCIII20,2.127,,9.856,,,,,3.364,0.805,116.127,
FH,24,PCIII21,3.671,,14.845,,,,,3.884,1.203,88.658,
FH,24,PCIII22,7.188,,17.344,,,,,7.163,1.278,25.091,
FH,24,PCIII23,7.048,,15.851,,,,,6.492,1.382,10.849,
FH,24,PCIII24,4.998,,15.43,,,,,4.817,1.321,19.429,
FH,24,PCIII25,2.159,,9.764,,,,,2.639,1.042,101.649,
FH,24,PCIII26,6.935,,19.328,,,,,4.872,1.812,81.414,
FH,24,PCIII27,2.585,,12.991,,,,,2.381,1.382,111.605,
FH,24,PCIII28,3.855,,17.75,,,,,4.635,1.059,96.045,
FH,24,PCIII29,4.37,,18.297,,,,,5.622,0.99,100.13,
FH,24,PCIII30,2.28,,11.035,,,,,3.075,0.944,36.792,
H1,64,PL1,21.392,,21.13,,,,,6.021,4.523,3.592,
H1,64,PL2,23.294,,23.065,,,,,6.021,4.926,167.004,
H1,64,V1,5.356,,17.315,,,,,3.112,2.191,35.68,
H1,64,Stem,2.969,,17.272,,,,,2.234,1.692,174.177,
H1,65,PL1,27.383,,25.553,,,,,7.238,4.817,175.879,
H1,65,PL2,31.305,,27.366,,,,,7.578,5.26,4.415,
H1,65,V1,0.7,,4.954,,,,,1.555,0.573,134.055,
H1,65,Stem,2.381,,18.335,,,,,2.111,1.436,3.456,
H1,66,PL1,17.203,,18.707,,,,,4.843,4.523,123.255,
H1,66,PL2,19.033,,19.881,,,,,5.184,4.675,162.363,
H1,66,V1,1.062,,6.128,,,,,1.474,0.917,26.914,
H1,66,Stem,2.008,,14.43,,,,,1.96,1.304,155.44,
H2,65,PL1,52.442,,36.521,,,,,9.149,7.298,12.145,
H2,65,PL2,48.322,,35.255,,,,,9.541,6.449,171.865,
H2,65,V1,93.357,,76.253,,,,,13.548,8.774,53.661,
H2,65,V2,19.526,,28.87,,,,,6.348,3.917,120.538,
H2,65,V3,0.879,,4.923,,,,,1.672,0.67,99.711,
H2,65,Stem,9.064,,45.811,,,,,5.348,2.158,96.608,
H2,65,B1,3.637,,12.557,,,,,2.852,1.624,69.647,
H2,66,PL1,36.325,,30.668,,,,,7.672,6.028,25.876,
H2,66,PL2,31.664,,26.793,,,,,6.785,5.942,10.431,
H2,66,V1,64.421,,58.185,,,,,10.077,8.14,17.946,
H2,66,V2,39.086,,43.771,,,,,8.565,5.81,177.383,
H2,66,V3,4.371,,16.835,,,,,2.798,1.989,34.036,
H2,66,Stem,6.739,,36.188,,,,,3.46,2.48,76.776,
H2,66,B1,0.905,,4.922,,,,,1.573,0.732,125.4,
H3,65,PL1,65.105,,39.381,,,,,9.865,8.403,128.042,
H3,65,PL2,58.004,,43.311,,,,,8.994,8.212,54.981,
H3,65,V1,126.439,,83.964,,,,,13.971,11.523,115.285,
H3,65,V2,192.967,,86.36,,,,,18.061,13.603,162.289,
H3,65,V3,174.242,,95.488,,,,,15.545,14.272,121.576,
H3,65,V4,183.019,,95.309,,,,,16.66,13.987,96.817,
H3,65,V5,56.314,,51.145,,,,,11.699,6.129,90.82,
H3,65,Stem,67.444,,142.334,,,,,13.414,6.402,91.743,
H3,65,B1,99.769,,69.21,,,,,12.755,9.96,22.504,
H3,65,B2,71.768,,47.449,,,,,10.06,9.083,153.669,
H3,65,B3,18.55,,28.566,,,,,5.69,4.151,155.915,
H3,65,B4,14.948,,30.756,,,,,5.433,3.503,145.698,
H3,65,B5,9.459,,16.76,,,,,5.422,2.221,93.496,
H3,65,B6,4.318,,11.452,,,,,2.466,2.229,129.505,
H3,65,B7,1.94,,9.175,,,,,1.804,1.369,45.866,
H4,65,PL1,74.93,,45.141,,,,,12.43,7.675,36.832,
H4,65,PL2,87.151,,45.65,,,,,12.24,9.066,31.613,
H4,65,V1,211.283,,101.83,,,,,19.209,14.004,33.331,
H4,65,V2,128.248,,69.501,,,,,14.682,11.122,19.94,
H4,65,V3,128.652,,84.951,,,,,15.799,10.368,32.453,
H4,65,V4,93.96,,56.658,,,,,12.068,9.913,49.517,
H4,65,V5,14.484,,19.379,,,,,4.691,3.932,139.197,
H4,65,B1,129.937,,74.03,,,,,14.58,11.347,145.995,
H4,65,B2,90.859,,66.968,,,,,13.167,8.786,176.58,
H4,65,B3,153,,87.09,,,,,14.305,13.618,91.386,
H4,65,B4,187.598,,82.63,,,,,17.517,13.636,123.133,
H4,65,B5,3.19E-04,,0.051,,,,,0.02,0.02,0,
H4,65,B6,12.948,,27.507,,,,,4.659,3.538,116.951,
H4,65,B7,2.432,,14.249,,,,,2.057,1.505,20.431,
H4,65,B8,35.863,,44.808,,,,,8.175,5.586,99.427,
H4,65,B9,85.246,,59.173,,,,,12.276,8.842,136.158,
H4,65,B10,26.473,,38.845,,,,,6.314,5.338,27.79,
H4,65,B11,86.49,,56.595,,,,,11.409,9.652,84.76,
H4,65,B12,83.558,,65.203,,,,,12.575,8.46,104.751,
H4,65,B13,29.854,,31.009,,,,,8.812,4.313,153.466,
H4,65,B14,92.909,,67.097,,,,,15.141,7.813,133.585,
H4,65,B15,6.109,,20.957,,,,,3.265,2.382,14.383,
H4,65,B16,21.816,,30.324,,,,,5.638,4.927,143.318,
H4,65,B17,36.134,,30.154,,,,,9.887,4.653,170.027,
H4,65,B18,106.245,,80.791,,,,,12.708,10.645,100.388,
H4,65,B19,21.436,,39.993,,,,,6.046,4.514,3.66,
H4,65,B20,13.696,,22.005,,,,,4.467,3.903,137.477,
H4,65,B21,176.948,,87.724,,,,,16.916,13.319,66.673,
H4,65,B22,2.064,,14.419,,,,,1.8,1.46,45.411,
H4,65,B23,149.468,,107.463,,,,,15.413,12.347,66.824,
H4,65,B24,3.399,,10.83,,,,,2.694,1.606,115.814,
H4,65,Stem,208.041,,277.009,,,,,25.313,10.464,6.317,
H5,65,PL1,54.215,,7.882,,,,,,,130.674,
H5,65,V1,180.112,,13.798,,,,,,,139.65,
H5,65,V2,193.494,,15.611,,,,,,,64.357,
H5,65,V3,180.676,,14.119,,,,,,,12.027,
H5,65,V4,193.203,,14.116,,,,,,,140.923,
H5,65,V5,52.241,,6.919,,,,,,,26.652,
H5,65,B1,169.122,,104.911,,,,,18.44,11.677,31.843,
H5,65,B2,227.928,,88.892,,,,,19.941,14.554,109.539,
H5,65,B3,16.602,,23.617,,,,,5.15,4.105,0.712,
H5,65,B4,35.243,,42.304,,,,,8.218,5.46,145.054,
H5,65,B5,140.96,,91.543,,,,,17.689,10.146,131.795,
H5,65,B6,168.796,,107.11,,,,,19.685,10.918,143.618,
H5,65,B7,21.524,,30.101,,,,,7.31,3.749,138.194,
H5,65,B8,71.878,,74.991,,,,,11.605,7.886,35.377,
H5,65,B9,188.832,,114.444,,,,,16.998,14.144,124.493,
H5,65,B10,184.267,,214.455,,,,,17.111,13.711,81.855,
H5,65,B11,80.137,,76.844,,,,,11.696,8.724,162.569,
H5,65,B12,126.495,,80.347,,,,,13.952,11.543,112.269,
H5,65,B13,84.481,,76.073,,,,,11.159,9.639,1.1,
H5,65,B14,621.533,,775.615,,,,,42.879,18.456,17.093,
H5,65,B15,36.824,,55.734,,,,,7.073,6.629,34.274,
H5,65,B16,185.394,,114.733,,,,,19.314,12.222,118.351,
H5,65,B17,16.081,,53.189,,,,,4.744,4.316,37.092,
H5,65,B18,16.275,,30.543,,,,,4.988,4.154,141.393,
H5,65,B19,131.71,,93.896,,,,,15.812,10.606,143.236,
H5,65,B20,152.032,,101.811,,,,,15.059,12.855,109.145,
H5,65,B21,44.711,,41.383,,,,,8.136,6.997,138.216,
H5,65,B22,67.547,,49.197,,,,,10.149,8.474,105.8,
H5,65,B23,5.325,,12.37,,,,,2.701,2.51,157.829,
H5,65,B24,164.219,,91.299,,,,,17.3,12.086,44.675,
H5,65,B25,10.048,,23.19,,,,,4.524,2.828,82.611,
H5,65,B26,21.899,,32.09,,,,,6.727,4.145,64.138,
H5,65,B27,44.522,,50.937,,,,,9.778,5.797,133.35,
H5,65,B28,94.856,,64.142,,,,,12.409,9.733,124.253,
H5,65,B29,183.643,,106.61,,,,,16.198,14.435,163.499,
H5,65,B30,6.533,,26.031,,,,,3.831,2.172,157.393,
H5,65,B31,4.877,,21.313,,,,,2.586,2.401,172.358,
H5,65,B32,2.633,,17.19,,,,,2.411,1.39,168.654,
H5,65,B33,1.019,,9.958,,,,,1.278,1.016,57.145,
H5,65,B34,0.818,,10.208,,,,,1.474,0.707,61.293,
H5,65,STEM Length,1.081,,53.082,,,,,,,,
H5,65,Stem Area,362.198,,538.304,,,,,33.363,13.823,81.256,
H7,65,V1,152.826,,94.687,,,,,14.95,13.016,61.997,
H7,65,V2,137.772,,89.867,,,,,15.991,10.97,104.87,
H7,65,V3,315.417,,128.917,,,,,20.757,19.347,134.014,
H7,65,V4,221.126,,75.003,,,,,17.408,16.173,60.841,
H7,65,B1,43.665,,51.431,,,,,10.622,5.234,90.167,
H7,65,B2,210.45,,88.569,,,,,17.284,15.503,94.759,
H7,65,B3,120.336,,84.718,,,,,13.632,11.24,164.102,
H7,65,B4,214.474,,95.358,,,,,17.763,15.373,35.256,
H7,65,B5,119.76,,75.294,,,,,13.524,11.275,12.372,
H7,65,B6,169.953,,104.516,,,,,15.866,13.639,58.227,
H7,65,B7,118.359,,79.876,,,,,13.238,11.384,148.328,
H7,65,B8,145.385,,89.997,,,,,14.564,12.71,41.588,
H7,65,B9,109.523,,77.899,,,,,13.05,10.686,9.396,
H7,65,B10,179.431,,70.925,,,,,16.67,13.704,177.695,
H7,65,B11,55.436,,41.245,,,,,9.633,7.327,176.62,
H7,65,B12,182.973,,106.348,,,,,15.795,14.749,136.318,
H7,65,B13,113.11,,82.369,,,,,12.923,11.144,137.789,
H7,65,B14,129.312,,66.382,,,,,13.381,12.304,111.751,
H7,65,B15,108.502,,76.31,,,,,13.363,10.338,165.784,
H7,65,B16,106.442,,72.995,,,,,13.552,10.001,39.429,
H7,65,B17,37.979,,31.661,,,,,9.008,5.368,150.608,
H7,65,B18,82.725,,56.194,,,,,11.25,9.362,151.99,
H7,65,B19,133.292,,93.93,,,,,14.701,11.545,101.3,
H7,65,B20,202.417,,108.542,,,,,16.908,15.242,81.928,
H7,65,B21,54.496,,97.859,,,,,9.113,7.614,19.534,
H7,65,B22,124.999,,76.426,,,,,16.324,9.75,175.319,
H7,65,B23,101.013,,90.086,,,,,13.925,9.236,114.471,
H7,65,B24,131.909,,83.96,,,,,14.348,11.706,50.189,
H7,65,B25,67.733,,37.968,,,,,10.471,8.236,39.677,
H7,65,B26,298.288,,134.848,,,,,20.247,18.758,29.897,
H7,65,B27,200.89,,101.846,,,,,17.001,15.045,98.643,
H7,65,B28,146.001,,64.999,,,,,15.277,12.168,164.21,
H7,65,B29,130.981,,92.667,,,,,14.131,11.802,77.628,
H7,65,B30,139.534,,69.307,,,,,14.252,12.466,152.415,
H7,65,B31,213.869,,117.633,,,,,18.088,15.054,88.269,
H7,65,B32,35.478,,44.985,,,,,9.051,4.991,59.979,
H7,65,B33,157.878,,84.29,,,,,17.045,11.793,31.123,
H7,65,B34,202.718,,69.801,,,,,18.448,13.991,134.935,
H7,65,B35,34.549,,26.748,,,,,8.879,4.954,132.472,
H7,65,B36,127.915,,75.135,,,,,14.544,11.198,158.053,
H7,65,B37,34.758,,37.678,,,,,6.808,6.501,159.066,
H7,65,B38,197.413,,91.709,,,,,18.472,13.607,23.203,
H7,65,B39,111.694,,93.117,,,,,12.762,11.143,73.705,
H7,65,B40,238.978,,103.888,,,,,18.43,16.51,7.556,
H7,65,B41,88.617,,93.761,,,,,10.891,10.36,32.459,
H7,65,B42,41.05,,67.549,,,,,9.072,5.761,118.51,
H7,65,B43,98.533,,67.599,,,,,14.9,8.42,68.523,
H7,65,B44,131.254,,87.735,,,,,14.861,11.245,179.595,
H7,65,B45,18.196,,35.778,,,,,6.813,3.4,111.108,
H7,65,B46,188.54,,104.366,,,,,17.038,14.09,158.272,
H7,65,B47,77.668,,144.13,,,,,14.394,6.87,30.15,
H7,65,B48,91.353,,139.155,,,,,11.581,10.044,169.217,
H7,65,1,58.385,,65.508,,,,,11.786,6.307,174.886,
H7,65,2,101.818,,76.263,,,,,16.098,8.053,150.855,
H7,65,3,54.426,,62.461,,,,,9.492,7.3,23.077,
H7,65,4,170.257,,107.74,,,,,17.271,12.552,133.894,
H7,65,5,42.21,,58.067,,,,,9.347,5.75,1.164,
H7,65,6,256.533,,129.485,,,,,18.612,17.55,10.029,
H7,65,7,120.17,,72.522,,,,,14.609,10.474,143.106,
H7,65,8,101.326,,77.595,,,,,11.757,10.973,133.125,
H7,65,9,136.904,,89.397,,,,,14.768,11.803,16.612,
H7,65,10,203.431,,105.522,,,,,17.067,15.177,47.716,
H7,65,11,105.842,,70.761,,,,,12.185,11.059,86.043,
H7,65,12,133.089,,90.321,,,,,13.369,12.675,165.89,
H7,65,14,153.356,,88.893,,,,,15.79,12.366,138.484,
H7,65,15,214.516,,84.691,,,,,19.251,14.188,33.902,
H7,65,16,191.071,,123.881,,,,,16.818,14.466,176.942,
H7,65,17,61.431,,72.929,,,,,10.443,7.49,105.575,
H7,65,18,142.105,,88.945,,,,,19.38,9.336,148.448,
H7,65,19,75.152,,72.731,,,,,10.744,8.906,112.53,
H7,65,20,23.184,,33.238,,,,,7.084,4.167,78.339,
H7,65,21,4.504,,12.225,,,,,2.583,2.22,56.363,
H7,65,22,3.252,,8.942,,,,,2.502,1.655,12.222,
H7,65,23,7.589,,24.459,,,,,3.454,2.798,92.976,
H7,65,24,191.303,,125.761,,,,,16.828,14.474,176.49,
H7,65,25,18.603,,37.398,,,,,5.922,4,168.523,
H7,65,P1,7.077,,25.118,,,,,7.404,1.217,1.147,
H7,65,P2,13.946,,31.594,,,,,11.722,1.515,171.819,
H7,65,P3,7.59,,23.92,,,,,8.054,1.2,172.119,
H7,65,P4,8.491,,26.335,,,,,9.265,1.167,173.69,
H7,65,P5,9.976,,28.74,,,,,10.178,1.248,9.7,
H7,65,P6,7.872,,26.228,,,,,7.016,1.429,2.12,
H7,65,P7,11.633,,32.516,,,,,11.993,1.235,4.464,
H7,65,P8,4.785,,24.245,,,,,7.304,0.834,8.803,
H7,65,P9,4.624,,22.722,,,,,5.434,1.084,6.335,
H7,65,P10,10.296,,26.612,,,,,10.795,1.214,7.949,
H7,65,P11,7.45,,27.69,,,,,8.496,1.116,1.866,
H7,65,P12,9.567,,27.283,,,,,10.336,1.179,8.231,
H7,65,P13,8.242,,31.377,,,,,9.312,1.127,21.211,
H7,65,P14,10.717,,32.188,,,,,10.331,1.321,15.516,
H7,65,P15,4.952,,20.034,,,,,7.191,0.877,3.339,
H7,65,P16,2.788,,15.704,,,,,4.733,0.75,8.002,
H7,65,P17,1.281,,14.699,,,,,3.353,0.487,179.64,
H7,65,P18,2.923,,15.532,,,,,4.289,0.868,173.851,
H7,65,P19,5.702,,21.626,,,,,7.226,1.005,160.781,
H7,65,P20,5.651,,23.74,,,,,4.399,1.636,8.345,
H7,65,P21,2.35,,17.123,,,,,5.096,0.587,17.319,
H7,65,P22,1.971,,16.769,,,,,2.826,0.888,20.346,
H7,65,P23,2.535,,16.192,,,,,3.827,0.843,6.49,
H7,65,P24,0.451,,6.741,,,,,1.872,0.307,29.279,
H7,65,P25,3.524,,20.977,,,,,5.16,0.87,19.004,
H7,65,P26,2.946,,15.667,,,,,3.606,1.04,15.944,
H7,65,P27,4.76,,20.268,,,,,6.729,0.901,5.253,
H7,65,P28,7.763,,27.328,,,,,8.707,1.135,10.812,
H7,65,P29,1.61,,12.339,,,,,2.893,0.709,170.185,
H7,65,P30,0.684,,8.116,,,,,3.073,0.283,18.407,
H7,65,P31,1.98,,16.07,,,,,5.33,0.473,17.282,
H7,65,P32,2.333,,15.906,,,,,5.131,0.579,159.069,
H7,65,P33,1.186,,12.754,,,,,2.502,0.604,3.639,
H7,65,P34,1.041,,9.835,,,,,3.878,0.342,166.064,
H7,65,P35,2.001,,12.419,,,,,3.24,0.786,10.537,
H7,65,P36,2.408,,15.738,,,,,4.801,0.639,9.596,
H7,65,P37,0.713,,7.248,,,,,2.506,0.362,178.12,
H7,65,P38,0.571,,8.278,,,,,2.981,0.244,6.163,
H7,65,P39,0.581,,7.602,,,,,3.009,0.246,23.396,
H7,65,P40,0.737,,6.547,,,,,2.12,0.443,13.15,
H7,65,P41,0.984,,11.571,,,,,3.608,0.347,27.849,
H7,65,P42,1.178,,11.302,,,,,3.281,0.457,176.89,
H7,65,P43,0.4,,6.214,,,,,2.691,0.189,171.215,
H7,65,P44,2.189,,14.732,,,,,3.79,0.735,178.208,
H7,65,P45,0.871,,9.307,,,,,3.191,0.348,179.316,
H7,65,P46,1.571,,12.866,,,,,2.601,0.769,168.585,
H7,65,P47,0.783,,8.79,,,,,2.579,0.386,21.414,
H7,65,P48,0.558,,7.699,,,,,2.673,0.266,4.944,
H7,65,P49,0.127,,2.524,,,,,0.934,0.174,175.471,
H7,65,P50,1.171,,10.029,,,,,3.853,0.387,24.763,
H7,65,P51,2.469,,17.899,,,,,5.233,0.601,16.814,
H7,65,P52,0.752,,8.233,,,,,3.039,0.315,32.42,
H7,65,P53,1.746,,12.621,,,,,3.236,0.687,22.009,
H7,65,P54,0.614,,6.415,,,,,2.152,0.363,166.21,
H7,65,P55,0.764,,9.426,,,,,2.426,0.401,25.394,
H7,65,P56,0.444,,5.937,,,,,2.099,0.269,15.341,
H7,65,P57,0.445,,5.7,,,,,2.184,0.259,169.29,
H7,65,P58,1.677,,17.783,,,,,2.84,0.752,9.594,
H7,65,P59,2.594,,16.181,,,,,3.81,0.867,24.405,
H7,65,P60,3.153,,18.749,,,,,5.195,0.773,3.047,
H7,65,P61,2.071,,12.484,,,,,3.669,0.719,15.686,
H7,65,P62,3.196,,18.513,,,,,5.531,0.736,12.221,
H7,65,P63,0.707,,7.337,,,,,2.847,0.316,20.821,
H7,65,P64,2.839,,17.836,,,,,3.326,1.087,14.701,
H7,65,P65,1.07,,8.813,,,,,2.088,0.652,34.745,
H7,65,P66,0.228,,4.009,,,,,1.427,0.204,23.56,
H7,65,PCIII1,2.079,,13.017,,,,,2.685,0.986,31.395,
H7,65,PCIII2,1.184,,9.611,,,,,2.382,0.633,106.915,
H7,65,PCIII3,0.496,,4.93,,,,,1.576,0.401,3.537,
H7,65,PCIII4,0.532,,6.926,,,,,1.543,0.439,6.923,
H7,65,PCIII5,1.085,,11.116,,,,,2.769,0.499,11.766,
H7,65,PCIII6,0.779,,10.256,,,,,1.743,0.569,5.555,
H7,65,PCIII7,1.72,,13.078,,,,,3.576,0.612,0.11,
H7,65,STEM,,,55.53,,,,,,,,55.53
H7,65,Stem Area Select,750.999,,930.471,,,,,39.076,24.47,163.081,61.736
H8,65,V1,70.419,,49.917,,,,,9.788,9.161,179.494,
H8,65,V2,113.552,,78.464,,,,,13.306,10.866,154.168,
H8,65,V3,147.734,,88.76,,,,,15.091,12.464,106.966,
H8,65,V4,138.408,,97.635,,,,,14.039,12.552,12.176,
H8,65,V5,136.049,,72.813,,,,,14.55,11.905,177.544,
H8,65,V6,53.28,,52.431,,,,,11.541,5.878,142.062,
H8,65,B1,19.739,,36.01,,,,,7.101,3.539,98.41,
H8,65,B2,155.799,,138.312,,,,,15.197,13.053,89.896,
H8,65,B3,173.425,,86.762,,,,,15.346,14.389,175.489,
H8,65,B4,90.272,,65.121,,,,,18.36,6.26,94.67,
H8,65,B5,115.678,,63.605,,,,,12.905,11.414,12.623,
H8,65,B6,223.975,,97.907,,,,,18.249,15.627,5.161,
H8,65,B7,56.863,,51.143,,,,,9.778,7.405,165.049,
H8,65,B8,21.782,,22.38,,,,,5.905,4.697,78.001,
H8,65,B9,124.64,,71.744,,,,,13.487,11.767,59.605,
H8,65,B10,147.974,,81.264,,,,,14.857,12.682,0.691,
H8,65,B11,25.411,,33.888,,,,,7.303,4.43,151.945,
H8,65,B12,238.667,,88.704,,,,,18.515,16.412,9.581,
H8,65,B13,25.402,,43.97,,,,,7.29,4.436,165.839,
H8,65,B14,131.315,,81.484,,,,,14.106,11.852,35.229,
H8,65,B15,196.212,,123.505,,,,,16.973,14.719,27.101,
H8,65,B16,81.786,,57.494,,,,,10.869,9.581,88.055,
H8,65,B17,178.232,,87.136,,,,,17.981,12.62,65.955,
H8,65,B18,149.932,,83.486,,,,,13.987,13.648,82.764,
H8,65,B19,100.616,,57.364,,,,,12.474,10.27,51.439,
H8,65,B20,54.343,,66.069,,,,,9.494,7.288,1.895,
H8,65,B21,134.106,,68.783,,,,,13.189,12.946,165.647,
H8,65,B22,233.144,,108.786,,,,,20.269,14.646,94.823,
H8,65,B23,204.78,,100.19,,,,,16.626,15.682,7.533,
H8,65,B24,156.365,,91.284,,,,,14.143,14.077,144.03,
H8,65,B25,169.101,,73.588,,,,,16.189,13.299,1.913,
H8,65,B26,4.351,,14.488,,,,,2.826,1.96,140.238,
H8,65,B27,147.322,,72.635,,,,,13.764,13.628,17.422,
H8,65,B28,129.821,,94.812,,,,,13.118,12.6,72.373,
H8,65,B29,74.698,,82.254,,,,,12.802,7.429,1.337,
H8,65,B30,76.433,,48.836,,,,,12.688,7.67,99.495,
H8,65,B31,193.945,,102.658,,,,,17.532,14.085,45.496,
H8,65,B32,12.867,,23.598,,,,,5.193,3.155,171.774,
H8,65,B33,129.902,,67.595,,,,,14.408,11.479,165.396,
H8,65,B34,126.737,,81.287,,,,,13.973,11.549,44.989,
H8,65,B35,59.204,,34.014,,,,,9.851,7.652,132.645,
H8,65,B36,81.839,,56.554,,,,,11.053,9.428,59.657,
H8,65,B37,39.227,,54.544,,,,,9.401,5.313,81.837,
H8,65,B38,157.825,,88.624,,,,,15.57,12.906,54.101,
H8,65,B39,98.066,,67.365,,,,,11.431,10.923,45.122,
H8,65,B40,141.161,,90.115,,,,,15.46,11.626,148.934,
H8,65,B41,18.914,,43.904,,,,,6.602,3.648,172.298,
H8,65,B42,23.076,,38.881,,,,,7.163,4.102,76.332,
H8,65,B43,172.873,,105.584,,,,,18.532,11.877,66.153,
H8,65,B44,5.604,,16.11,,,,,3.169,2.251,105.144,
H8,65,Stem Length,1.198,,61.481,,,,,,,,61.481
H8,65,Stem Area Select,570.256,,632.806,,,,,35.998,20.17,32.808,
H8,65,P1,2.685,,19.068,,,,,3.066,1.115,3.173,
H8,65,P2,2.114,,14.984,,,,,4.717,0.571,2.117,
H8,65,P3,1.093,,8.177,,,,,2.431,0.572,160.733,
H8,65,P4,0.997,,10.343,,,,,2.695,0.471,5.802,
H8,65,P5,0.506,,5.543,,,,,2.109,0.305,164.03,
H8,65,P6,15.404,,32.338,,,,,12.515,1.567,174.649,
H8,65,P7,16.7,,33.505,,,,,13.581,1.566,174.928,
H8,65,P8,14.074,,31.276,,,,,12.701,1.411,178.976,
H8,65,P9,8.738,,29.979,,,,,9.468,1.175,3.546,
H8,65,P10,8.244,,22.203,,,,,9.078,1.156,3.876,
H8,65,P11,7.483,,25.658,,,,,8.499,1.121,178.048,
H8,65,P12,11.621,,29.354,,,,,11.182,1.323,0.403,
H8,65,P13,7.348,,26.516,,,,,6.606,1.416,177.684,
H8,65,P14,7.309,,26.83,,,,,9.046,1.029,176.597,
H8,65,P15,5.41,,22.645,,,,,7.528,0.915,7.703,
H8,65,P16,6.952,,20.644,,,,,7.105,1.246,174.814,
H8,65,P17,16.623,,48.668,,,,,6.304,3.357,4.492,
H8,65,P18,4.181,,16.761,,,,,4.721,1.128,1.053,
H8,65,P19,3.031,,16.301,,,,,6.552,0.589,178.985,
H8,65,P20,0.339,,3.94,,,,,1.447,0.298,166.642,
H8,65,P21,2.833,,16.347,,,,,4.829,0.747,179.71,
H8,65,P22,2.096,,12.983,,,,,3.597,0.742,170.782,
H8,65,P23,3.212,,16.43,,,,,4.678,0.874,3.55,
H8,65,P24,2.478,,13.675,,,,,3.846,0.82,173.336,
H8,65,P25,1.048,,9.514,,,,,2.571,0.519,0.098,
H8,65,P26,1.163,,9.314,,,,,2.421,0.611,177.514,
H8,65,P27,1.115,,8.173,,,,,2.65,0.536,2.941,
H8,65,P28,0.764,,9.308,,,,,1.825,0.533,12.582,
H8,65,P29,0.986,,10.215,,,,,2.417,0.519,172.637,
H8,65,P30,1.017,,8.266,,,,,3.249,0.399,175.856,
H8,65,P31,0.56,,6.721,,,,,1.519,0.469,33.694,
H10,24,P1,2.449,,9.201,,,,,3.617,0.862,66.243,
H10,24,P2,4.362,,20.642,,,,,4.106,1.353,93.045,
H10,24,P3,5.323,,19.077,,,,,5.009,1.353,90.367,
H10,24,P4,4.015,,30.137,,,,,4.195,1.219,90.24,
H10,24,P5,4.787,,14.687,,,,,4.779,1.275,107.528,
H10,24,P6,4.336,,18.445,,,,,4.208,1.312,77.112,
H10,24,P7,6.865,,25.008,,,,,5.733,1.525,89.818,
H10,24,P8,8.071,,21.027,,,,,6.537,1.572,83.025,
H10,24,P9,7.263,,19.202,,,,,5.842,1.583,93.672,
H10,24,P10,10.034,,24.365,,,,,7.245,1.763,73.299,
H10,24,P11,7.075,,18.857,,,,,6.267,1.437,88.942,
H10,24,P12,8.554,,21.853,,,,,7.165,1.52,93.487,
H10,24,P13,6.821,,18.098,,,,,5.539,1.568,83.953,
H10,24,P14,4.308,,15.955,,,,,4.763,1.152,91.325,
H10,24,P15,7.965,,20.263,,,,,5.534,1.833,87.729,
H10,24,P16,5.503,,17.51,,,,,5.88,1.192,82.968,
H10,24,P17,5.479,,16.069,,,,,5.43,1.285,79.509,
H10,24,P18,8.301,,15.508,,,,,6.786,1.557,91.801,
H10,24,P19,4.931,,18.799,,,,,6.256,1.004,91.529,
H10,24,P20,8.441,,14.013,,,,,5.748,1.87,78.982,
H10,24,P21,5.528,,15.529,,,,,5.828,1.208,87.207,
H10,24,P22,4.618,,16.206,,,,,5.65,1.041,93.752,
H10,24,P23,3.324,,11.877,,,,,4.447,0.952,85.455,
H10,24,P24,7.159,,15.883,,,,,7.365,1.238,81.419,
H10,24,P25,7.434,,13.148,,,,,5.731,1.652,91.932,
H10,24,P26,2.3,,10.526,,,,,4.415,0.663,68.118,
H10,24,P27,5.925,,14.585,,,,,6.936,1.088,81.906,
H10,24,P28,5.796,,14.281,,,,,6.273,1.176,79.568,
H10,24,P29,9.426,,24.268,,,,,8.214,1.461,90.632,
H10,24,P30,9.016,,18.968,,,,,9.058,1.267,78.664,
H10,24,P31,9.826,,17.951,,,,,8.096,1.545,94.914,
H10,24,P32,9.758,,18.264,,,,,7.988,1.555,79.847,
H10,24,P33,8.982,,23.811,,,,,6.594,1.734,83.037,
H10,24,P34,14.468,,52.051,,,,,5.802,3.175,34.499,
H10,24,P35,8.205,,16.92,,,,,8.111,1.288,79.472,
H10,24,P36,9.214,,18.904,,,,,9.342,1.256,82.34,
H10,24,P37,7.291,,24.822,,,,,7.649,1.214,99.934,
H10,24,P38,9.244,,28.775,,,,,7.122,1.652,87.509,
H10,24,P39,6.198,,19.643,,,,,4.735,1.667,77.177,
H10,24,P40,9.835,,23.863,,,,,7.335,1.707,93.963,
H10,24,P41,9.857,,25.479,,,,,8.689,1.444,118.924,
H10,24,P42,4.398,,15.774,,,,,4.067,1.377,23.597,
H10,24,P43,8.39,,17.576,,,,,6.588,1.622,101.394,
H10,24,P44,9.165,,19.349,,,,,7.507,1.554,110.523,
H10,24,P45,10.178,,21.093,,,,,8.212,1.578,103.863,
H10,24,P46,4.668,,15.074,,,,,4.934,1.205,102.82,
H10,24,P47,9.587,,22.504,,,,,5.926,2.06,111.332,
H10,24,P48,11.185,,24.187,,,,,8.274,1.721,89.868,
H10,24,P49,10.443,,17.888,,,,,7.826,1.699,86.178,
H10,24,P50,9.942,,26.514,,,,,7.808,1.621,82.956,
H10,24,P51,9.653,,25.092,,,,,8.521,1.442,82.184,
H10,24,P52,7.551,,28.223,,,,,5.93,1.621,77.063,
H10,24,P53,7.609,,21.213,,,,,6.104,1.587,81.24,
H10,24,P54,4.548,,27.876,,,,,5.983,0.968,84.652,
H10,24,P55,9.73,,24.561,,,,,8.929,1.387,96.42,
H10,24,P56,8.822,,25.159,,,,,9.095,1.235,78.831,
H10,24,P57,7.822,,27.002,,,,,7.502,1.328,97.568,
H10,24,P58,9.926,,19.876,,,,,8.878,1.423,79.897,
H10,24,P59,8.27,,16.462,,,,,7.401,1.423,92.504,
H10,24,P60,7.058,,17.466,,,,,7.594,1.183,88.294,
H10,24,P61,6.396,,17.359,,,,,7.535,1.081,90.209,
H10,24,P62,6.472,,12.896,,,,,5.342,1.543,99.598,
H10,24,P63,6.803,,12.419,,,,,5.186,1.67,85.788,
H10,24,P64,6.324,,12.247,,,,,5.424,1.485,78.884,
H10,24,P65,5.963,,12.001,,,,,5.328,1.425,99.445,
H10,24,P66,7.374,,14.286,,,,,6.134,1.531,84.77,
H10,24,P67,6.58,,16.255,,,,,6.663,1.257,86.147,
H10,24,P68,8.866,,28.373,,,,,7.369,1.532,86.613,
H10,24,P69,6.621,,26.574,,,,,6.777,1.244,84.934,
H10,24,P70,3.333,,12.602,,,,,3.692,1.15,89.905,
H10,24,P71,5.025,,19.014,,,,,6.138,1.042,85.544,
H10,24,P72,6.541,,20.432,,,,,5.969,1.395,80.034,
H10,24,P73,6.529,,17.085,,,,,5.766,1.442,76.133,
H10,24,P74,5.102,,16.99,,,,,5.119,1.269,82.657,
H10,24,P75,6.915,,24.047,,,,,5.527,1.593,77.185,
H10,24,P76,7.223,,22.483,,,,,8.375,1.098,92.015,
H10,24,P77,8.754,,21.133,,,,,8.107,1.375,96.729,
H10,24,P78,8.912,,28.366,,,,,8.293,1.368,83.894,
H10,24,P79,9.811,,23.393,,,,,9.414,1.327,86.205,
H10,24,P80,8.256,,19.79,,,,,7.95,1.322,94.192,
H10,24,P81,9.453,,21.185,,,,,8.156,1.476,99.135,
H10,24,P82,10.153,,22.972,,,,,9.293,1.391,96.285,
H10,24,P83,7.875,,20.374,,,,,6.889,1.455,93.312,
H10,24,P84,9.308,,21.372,,,,,8.216,1.442,90.743,
H10,24,P85,9.642,,22.407,,,,,8.672,1.416,91.137,
H10,24,P86,10.194,,23.192,,,,,8.63,1.504,84.376,
H10,24,P87,5.331,,16.812,,,,,5.452,1.245,108.991,
H10,24,P88,5.25,,15.219,,,,,5.902,1.133,95.646,
H10,24,P89,6.333,,25.748,,,,,7.199,1.12,78.415,
H10,24,P90,6.438,,19.015,,,,,7.317,1.12,74.971,
H10,24,P91,5.829,,15.472,,,,,5.626,1.319,70.612,
H10,24,P92,7.476,,14.823,,,,,6.47,1.471,92.078,
H10,24,P93,3.681,,12.116,,,,,4.621,1.014,114.317,
H10,24,P94,5.146,,18.823,,,,,5.97,1.097,101.788,
H10,24,P95,4.957,,18.383,,,,,5.75,1.098,102.313,
H10,24,P96,6.195,,19.662,,,,,6.982,1.13,99.82,
H10,24,P97,4.862,,15.362,,,,,5.497,1.126,107.528,
H10,24,P98,5.786,,16.265,,,,,5.813,1.267,106.778,
H10,24,P99,5.938,,20.609,,,,,6.763,1.118,87.864,
H10,24,P100,5.737,,23.244,,,,,6.022,1.213,80.027,
H10,24,P101,6.834,,22.507,,,,,6.813,1.277,88.541,
H10,24,P102,4.998,,20.593,,,,,5.721,1.112,86.704,
H10,24,P103,4.521,,17.507,,,,,5.461,1.054,88.549,
H10,24,P104,3.697,,16.764,,,,,6.009,0.783,77.745,
H10,24,P105,2.13,,19.698,,,,,3.478,0.78,88.169,
H10,24,P106,3.356,,13.612,,,,,4.65,0.919,83.564,
H10,24,PCIII1,4.326,,17.151,,,,,5.969,0.923,79.389,
H10,24,PCIII2,7.302,,16.807,,,,,6.677,1.392,88.851,
H10,24,PCIII3,6.745,,17.977,,,,,6.977,1.231,97.984,
H10,24,PCIII4,8.047,,22.062,,,,,7.425,1.38,95.23,
H10,24,PCIII5,5.193,,17.018,,,,,5.53,1.196,95.695,
H10,24,PCIII6,4.49,,11.846,,,,,5.188,1.102,94.656,
H10,24,PCIII7,3.282,,14.125,,,,,5.267,0.793,84.454,
H10,24,PCIII8,4.939,,13.042,,,,,5.099,1.233,80.749,
H10,24,PCIII9,3.459,,12.984,,,,,5.167,0.852,97.137,
H10,24,PCIII10,3.7,,16.117,,,,,5.42,0.869,116.012,
H9,65,STEM AREA,573.496,,612.489,,,,,43.741,16.694,80.024,
H9,65,P1,5.176,,24.169,,,,,5.639,1.169,84.86,
H9,65,P2,1.405,,11.191,,,,,2.713,0.66,88.72,
H9,65,P3,1.032,,7.504,,,,,2.423,0.542,100.688,
H9,65,P4,1.338,,10.735,,,,,2.345,0.726,99.235,
H9,65,P5,2.513,,15.624,,,,,3.391,0.944,96.507,
H9,65,P6,2.249,,14.756,,,,,4.186,0.684,100.584,
H9,65,P7,0.776,,7.68,,,,,2.111,0.468,104.994,
H9,65,P8,2.013,,14.322,,,,,3.184,0.805,99.345,
H9,65,P9,0.953,,8.604,,,,,2.243,0.541,118.688,
H9,65,P10,1.705,,11.213,,,,,2.274,0.955,109.821,
H9,65,P11,2.174,,12.722,,,,,4.963,0.558,117.888,
H9,65,P12,1.769,,12.315,,,,,3.366,0.669,109.597,
H9,65,P13,0.418,,6.595,,,,,1.406,0.379,128.193,
H9,65,P14,0.726,,5.998,,,,,1.978,0.467,76.96,
H9,65,P15,1.105,,8.737,,,,,1.849,0.761,82.904,
H9,65,P16,0.849,,9.088,,,,,2.704,0.4,107.561,
H9,65,P17,1.149,,11.586,,,,,2.429,0.602,100.183,
H9,65,P18,0.613,,5.867,,,,,1.56,0.5,98.265,
H9,65,P19,0.681,,7.071,,,,,1.666,0.52,123.363,
H9,65,P20,0.881,,8.752,,,,,2.567,0.437,100.615,
H9,65,P21,0.573,,6.71,,,,,1.776,0.411,115.581,
H9,65,P22,0.511,,3.477,,,,,1.13,0.576,120.019,
H9,65,P23,2.106,,15.926,,,,,3.018,0.889,105.609,
H9,65,P24,1.707,,14.221,,,,,2.679,0.811,115.615,
H9,65,P25,2.748,,17.675,,,,,4.293,0.815,109.364,
H9,65,P26,1.319,,9.506,,,,,2.847,0.59,110.284,
H9,65,P27,3.193,,14.545,,,,,4.255,0.956,101.779,
H9,65,P28,2.242,,15.751,,,,,4.151,0.688,81.619,
H9,65,P29,0.908,,8.673,,,,,2.859,0.404,104.176,
H9,65,P30,1.379,,12.112,,,,,3.145,0.558,56.498,
H9,65,P31,0.878,,9.482,,,,,2.628,0.425,120.225,
H9,65,P32,5.205,,20.438,,,,,7.394,0.896,90.973,
H9,65,P33,3.497,,15.52,,,,,4.943,0.901,99.352,
H9,65,P34,3.782,,17.896,,,,,4.792,1.005,86.503,
H9,65,P35,3.188,,16.572,,,,,3.609,1.125,108.194,
H9,65,P36,2.153,,15.517,,,,,3.078,0.891,90.115,
H9,65,P37,3.191,,19.842,,,,,3.267,1.244,104.17,
H9,65,P38,2.912,,14.498,,,,,4.279,0.867,109.238,
H9,65,P39,2.157,,14.009,,,,,2.863,0.959,97.008,
H9,65,P40,2.049,,14.138,,,,,2.613,0.998,118.451,
H9,65,P41,3.117,,17.595,,,,,4.211,0.943,98.579,
H9,65,P42,2.406,,14.581,,,,,2.785,1.1,99.873,
H9,65,P43,1.103,,11.481,,,,,3.865,0.363,89.549,
H9,65,P44,4.266,,17.258,,,,,4.679,1.161,97.329,
H9,65,P45,1.162,,9.66,,,,,2.46,0.601,116.241,
H9,65,P46,11,,30.253,,,,,11.777,1.189,88.147,
H9,65,P47,10.481,,32.707,,,,,10.003,1.334,104.934,
H9,65,P48,11.809,,29.045,,,,,11.352,1.325,94.489,
H9,65,P49,13.806,,32.705,,,,,12.583,1.397,94.036,
H9,65,P50,13.827,,30.48,,,,,11.916,1.477,94.89,
H9,65,P51,10.165,,27.412,,,,,10.344,1.251,96.917,
H9,65,P52,8.06,,26.093,,,,,7.427,1.382,95.046,
H9,65,P53,4.476,,16.036,,,,,5.3,1.075,97.204,
H9,65,P54,15.248,,35.178,,,,,11.59,1.675,95.9,
H9,65,P55,6.107,,19.119,,,,,6.715,1.158,87.02,
H9,65,P56,6.729,,20.004,,,,,8.002,1.071,97.647,
H9,65,P57,8.609,,23.98,,,,,7.708,1.422,99.026,
H10,65,P1,12.444,,30.684,,,,,9.219,1.719,173.233,
H10,65,P2,14.618,,38.299,,,,,8.839,2.106,178.129,
H10,65,P3,11.892,,29.183,,,,,8.801,1.721,171.764,
H10,65,P4,11.394,,35.232,,,,,8.478,1.711,2.776,
H10,65,P5,11.933,,39.825,,,,,10.595,1.434,3.056,
H10,65,P6,13.614,,35.518,,,,,9.103,1.904,10.233,
H10,65,P7,11.585,,37.275,,,,,11.477,1.285,6.692,
H10,65,P8,12.12,,28.205,,,,,10.582,1.458,10.154,
H10,65,P9,13.251,,39.343,,,,,11.745,1.436,5.848,
H10,65,P10,17.114,,32,,,,,14.813,1.471,5.914,
H10,65,P11,17.698,,28.505,,,,,12.715,1.772,6.542,
H10,65,P12,20.107,,29.691,,,,,12.616,2.029,5.709,
H10,65,P13,17.025,,27.65,,,,,13.168,1.646,9.284,
H10,65,P14,12.414,,33.351,,,,,8.868,1.782,7.891,
H10,65,P15,17.096,,34.198,,,,,11.458,1.9,5.991,
H10,65,P16,18.436,,38.511,,,,,13.148,1.785,8.086,
H10,65,P17,21.861,,31.51,,,,,13.069,2.13,2.662,
H10,65,P18,14.712,,27.628,,,,,11.418,1.641,11.264,
H10,65,P19,17.207,,30.253,,,,,14.813,1.479,8.428,
H10,65,P20,12.548,,23.157,,,,,10.62,1.504,5.392,
H10,65,P21,8.525,,24.026,,,,,6.372,1.703,8.329,
H10,65,P22,14.733,,25.243,,,,,11.986,1.565,5.043,
H10,65,P23,13.384,,27.103,,,,,11.29,1.509,10.969,
H10,65,P24,7.489,,16.605,,,,,6.856,1.391,176.134,
H10,65,P25,12.386,,22.722,,,,,11.045,1.428,3.182,
H10,65,P26,13.176,,24.392,,,,,11.562,1.451,4.117,
H10,65,P27,8.992,,29.014,,,,,7.552,1.516,173.809,
H10,65,P28,8.543,,26.328,,,,,7.802,1.394,6.466,
H10,65,P29,4.971,,21.529,,,,,6.103,1.037,12.141,
H10,65,P30,7.071,,26.423,,,,,7.478,1.204,7.769,
H10,65,P31,19.047,,30.805,,,,,14.006,1.732,10.477,
H10,65,P32,7.586,,17.315,,,,,7.7,1.254,173.659,
H10,65,P33,8.679,,31.573,,,,,8.453,1.307,8.082,
H10,65,P34,9.158,,30.097,,,,,7.979,1.462,176.573,
H10,65,P35,1.003,,12.045,,,,,1.993,0.641,27.192,
H10,65,P36,5.75,,21.776,,,,,6.741,1.086,174.182,
H10,65,P37,3.185,,15.71,,,,,3.837,1.057,10.291,
H10,65,P38,3.599,,16.141,,,,,4.079,1.123,9.286,
H10,65,P39,2.084,,13.482,,,,,5.161,0.514,170.499,
H10,65,P40,1.003,,12.045,,,,,1.993,0.641,27.192,
H1,365,PL1,12.929,,16.935,,,,,4.232,3.89,83.705,
H1,365,PL2,13.068,,17.294,,,,,4.299,3.87,164.232,
H1,365,V1,31.085,,32.751,,,,,8.747,4.525,148.626,
H1,365,V2,14.765,,24.59,,,,,4.416,4.257,51.561,
H1,365,V3,4.898,,15.032,,,,,2.669,2.337,123.743,
H1,365,Stem Area,2.915,,14.566,,,,,3.472,1.069,100.047,
H1,389,PL1,9.852,,15.157,,,,,4.271,2.937,175.793,
H1,389,PL2,10.41,,15.784,,,,,4.42,2.999,171.761,
H1,389,V1,41.035,,53.472,,,,,7.339,7.119,7.914,
H1,389,V2,30.399,,39.999,,,,,9.107,4.25,139.104,
H1,389,V3,1.783,,9.827,,,,,1.775,1.279,15.58,
H1,389,Stem Area,3.852,,20.15,,,,,3.32,1.477,81.045,
H1,391,PL1,14.781,,22.787,,,,,4.895,3.844,16.809,
H1,391,PL2,11.538,,16.247,,,,,4.419,3.324,176.217,
H1,391,V1,28.145,,31.763,,,,,6.719,5.333,144.153,
H1,391,V2,22.477,,24.71,,,,,6.431,4.45,119.923,
H1,391,V3,11.714,,18.763,,,,,4.068,3.666,111.272,
H1,391,Stem Area,3.468,,14.91,,,,,2.964,1.49,74.671,
H1,446,PL1,5.34,,14.775,,,,,3.569,1.905,40.911,
H1,446,PL2,6.56,,13.827,,,,,3.855,2.167,76.283,
H1,446,V1,28.318,,31.176,,,,,7.243,4.978,50.394,
H1,446,V2,11.475,,24.288,,,,,4.195,3.483,97.28,
H1,446,Stem,2.834,,17.049,,,,,3.617,0.998,81.124,
H2,D73,PL1,29.582,,24.842,,,,,7.096,5.308,171.235,
H2,D73,PL2,28.047,,23.717,,,,,7.05,5.066,0.814,
H2,D73,V1,79.56,,62.161,,,,,13.116,7.723,125.798,
H2,D73,V2,108.113,,79.629,,,,,12.663,10.87,102.192,
H2,D73,V3,141.604,,100.716,,,,,15.057,11.974,25.612,
H2,D73,V4,184.6,,94.135,,,,,16.927,13.885,4.27,
H2,D73,V5,134.989,,98.112,,,,,14.122,12.171,163.468,
H2,D73,V6,7.427,,23.181,,,,,3.346,2.827,135.478,
H2,D73,STEM,46.516,,95.11,,,,,14.451,4.098,92.53,
H2,D73,B1,82.059,,75.301,,,,,10.886,9.597,101.119,
H2,D73,B2,57.848,,47.471,,,,,8.735,8.432,25.598,
H2,D73,B3,15.574,,38.469,,,,,4.913,4.036,82.4,
H2,D73,B4,62.258,,58.127,,,,,11.086,7.15,6.178,
H2,D73,B5,11.597,,28.123,,,,,4.759,3.103,18.92,
H2,D73,B6,29.754,,45.225,,,,,7.157,5.293,54.285,
H2,D73,B7,88.466,,79.772,,,,,11.975,9.406,85.408,
H2,446,PL1,11.851,,25.51,,,,,5.6,2.695,146.713,
H2,446,PL2,18.282,,18.301,,,,,4.984,4.67,3.708,
H2,446,V1,57.099,,48.464,,,,,9.169,7.929,138.285,
H2,446,V2,84.491,,50.972,,,,,11.453,9.393,144.821,
H2,446,V3,150.556,,76.62,,,,,14.008,13.684,37.049,
H2,446,V4,187.429,,112.329,,,,,15.565,15.332,163.974,
H2,446,V5,75.577,,58.738,,,,,10.06,9.565,42.791,
H2,446,V6,10.288,,23.679,,,,,4.797,2.731,20.635,
H2,446,Stem,22.776,,77.211,,,,,8.618,3.365,92.784,
H2,446,B1,88.71,,73.583,,,,,11.133,10.145,76.599,
H2,446,B2,1.707,,8.754,,,,,1.802,1.206,55.316,
H2,446,B3,24.563,,43.847,,,,,6.453,4.846,44.495,
H2,446,B4,7.636,,30.167,,,,,3.571,2.722,114.416,
H4,446,V1,78.341,,74.362,,,,,12.284,8.12,73.509,
H4,446,V2,76.965,,75.882,,,,,10.743,9.122,67.424,
H4,446,V3,189.658,,107.693,,,,,16.844,14.337,47.332,
H4,446,V4,197.906,,104.107,,,,,19.143,13.163,40.351,
H4,446,V5,146.455,,75.562,,,,,14.979,12.449,26.924,
H4,446,V6,138.254,,85.24,,,,,15.879,11.086,50.379,
H4,446,V7,154.339,,100.051,,,,,14.693,13.374,85.098,
H4,446,V8,140.886,,79.943,,,,,14.145,12.682,156.738,
H4,446,V9,124.806,,61.468,,,,,13.122,12.11,54.243,
H4,446,V10,71.361,,68.286,,,,,12.494,7.272,135.786,
H4,446,V11,30.055,,46.404,,,,,6.427,5.954,18.657,
H4,446,V12,4.593,,19.635,,,,,3.574,1.636,26.756,
H4,446,B1,153.749,,14.253,,,,,13.734,158.216,46.809,
H4,446,B2,100.134,,55.615,,,,,17.217,7.405,25.152,
H4,446,B3,69.661,,66.899,,,,,10.123,8.762,12.123,
H4,446,B4,201.777,,111.838,,,,,20.976,12.248,32.736,
H4,446,B5,86.645,,67.592,,,,,11.373,9.7,84.752,
H4,446,B6,140.469,,92.819,,,,,15.419,11.599,35.312,
H4,446,B7,184.359,,115.447,,,,,17.796,13.19,176.582,
H4,446,B8,66.379,,65.471,,,,,9.565,8.836,170.964,
H4,446,B9,21.967,,33.678,,,,,5.736,4.876,118.799,
H4,446,B10,134.42,,86.438,,,,,14.656,11.678,120.139,
H4,446,B11,28.719,,42.828,,,,,6.578,5.559,178.788,
H4,446,B12,70.068,,70.794,,,,,12.373,7.21,105.724,
H4,446,B13,140.454,,92.966,,,,,15.274,11.708,100.972,
H4,446,B14,72.954,,57,,,,,14.806,6.274,39.73,
H4,446,B15,39.609,,45.749,,,,,11.105,4.541,21.75,
H4,446,B16,142.152,,75.24,,,,,14.243,12.708,107.548,
H4,446,B17,7.665,,20.451,,,,,3.281,2.975,28.978,
H4,446,B18,61.248,,62.188,,,,,10.383,7.511,74.841,
H4,446,B19,36.407,,52.572,,,,,7.663,6.049,146.497,
H4,446,B20,193.24,,83.817,,,,,16.443,14.963,112.538,
H4,446,B21,159.618,,77.86,,,,,16.064,12.651,18.397,
H4,446,B22,109.535,,72.229,,,,,12.569,11.096,13.369,
H4,446,B23,22.379,,39.526,,,,,6.484,4.395,128.844,
H4,446,B24,98.193,,80.972,,,,,12.673,9.865,174.411,
H4,446,B25,13.659,,27.556,,,,,5.394,3.224,97.328,
H4,446,B26,25.893,,32.341,,,,,6.184,5.332,119.402,
H4,446,B27,132.94,,76.073,,,,,14.902,11.358,91.265,
H4,446,B28,155.075,,97.179,,,,,15.332,12.878,94.556,
H4,446,STEM AREA,294.327,,348.577,,,,,28.217,13.281,96.523,
H5,446,V1,178.313,,108.695,,,,,16.904,13.431,54.445,
H5,446,V2,241.275,,118.164,,,,,20.537,14.958,112.728,
H5,446,V3,150.987,,98.006,,,,,16.773,11.462,140.462,
H5,446,V4,127.32,,88.126,,,,,14.818,10.94,49.004,
H5,446,V5,128.722,,71.204,,,,,13.021,12.586,123.549,
H5,446,V6,144.889,,76.392,,,,,14.978,12.317,163.487,
H5,446,V7,141.222,,75.136,,,,,14.485,12.413,141.591,
H5,446,V8,149.872,,98.065,,,,,14.926,12.785,106.332,
H5,446,V9,112.005,,91.894,,,,,14.38,9.917,100.273,
H5,446,V10,124.654,,82.655,,,,,13.781,11.517,130.861,
H5,446,V11,82.887,,58.743,,,,,11.766,8.97,52.065,
H5,446,V12,57.42,,62.497,,,,,9.599,7.616,83.569,
H5,446,V13,32.564,,34.664,,,,,6.866,6.039,169.762,
H5,446,V14,7.043,,14.921,,,,,3.185,2.815,139.512,
H5,446,B1,77.978,,76.669,,,,,11.184,8.878,101.197,
H5,446,B2,58.154,,49.154,,,,,9.181,8.065,5.76,
H5,446,B3,113.693,,70.871,,,,,16.407,8.823,123.596,
H5,446,B4,64.219,,47.84,,,,,11.432,7.153,170.482,
H5,446,B5,141.243,,79.585,,,,,15.301,11.753,61.371,
H5,446,B6,151.175,,105.038,,,,,16.367,11.76,17.812,
H5,446,B7,85.8,,64.475,,,,,12.965,8.426,114.221,
H5,446,B8,38.124,,37.527,,,,,7.885,6.156,86.032,
H5,446,B9,11.622,,20.509,,,,,4.488,3.297,149.887,
H5,446,B10,4.067,,16.031,,,,,4.059,1.276,150.991,
H5,446,B11,38.808,,60.831,,,,,7.609,6.494,42.038,
H5,446,B12,104.973,,62.238,,,,,11.886,11.244,119.775,
H5,446,B13,112.693,,81.526,,,,,14.576,9.844,97.344,
H5,446,B14,86.342,,74.081,,,,,12.078,9.102,150.105,
H5,446,B15,118.778,,71.081,,,,,14.233,10.626,176.35,
H5,446,B16,82.907,,65.545,,,,,11.009,9.588,161.774,
H5,446,B17,33.622,,34.276,,,,,7.252,5.903,133.767,
H5,446,B18,17.696,,33.029,,,,,5.54,4.067,23.531,
H5,446,B19,18.374,,28.474,,,,,7.552,3.098,133.504,
H5,446,B20,15.126,,24.421,,,,,4.685,4.111,134.035,
H5,446,B21,11.866,,19.07,,,,,4.434,3.407,101.877,
H5,446,B22,12.073,,23.613,,,,,4.897,3.139,35.408,
H5,446,B23,4.916,,15.374,,,,,3.035,2.062,7.587,
H5,446,B24,140.189,,81.883,,,,,14.304,12.478,159.842,
H5,446,B25,22.333,,24.202,,,,,7.193,3.953,137.73,
H5,446,B26,4.671,,12.603,,,,,2.77,2.147,77.254,
H5,446,B27,142.451,,85.465,,,,,16.327,11.109,131.116,
H5,446,B28,124.049,,81.257,,,,,13.322,11.856,144.662,
H5,446,B29,117.134,,66.206,,,,,12.59,11.846,15.864,
H5,446,B30,81.209,,58.341,,,,,11.603,8.911,54.246,
H5,446,B31,153.246,,73.331,,,,,15.403,12.668,81.074,
H5,446,B32,132.917,,90.985,,,,,15.19,11.142,36.828,
H5,446,Stem Area,578.76,,432.061,,,,,41.909,17.583,98.836,66.45
H5,446,P1,8.71,,20.383,,,,,7.606,1.458,67.604,
H5,446,P2,1.879,,11.97,,,,,3.316,0.721,101.549,
H5,446,P3,4.453,,12.687,,,,,4.852,1.168,103.058,
H5,446,P4,1.048,,6.959,,,,,2.934,0.455,93.601,
H5,446,P5,0.977,,6.789,,,,,2.876,0.433,80.109,
H6,446,Stem area,880.585,,471.879,,,,,35.632,31.466,15.647,80.629
H6,446,P1,2.694,,13.048,,,,,4.822,0.711,69.313,
H6,446,P2,5.679,,18.014,,,,,6.476,1.117,68.518,
H6,446,P3,4.307,,13.659,,,,,5.702,0.962,89.648,
H6,446,P4,5.528,,16.409,,,,,5.949,1.183,90.565,
H6,446,P5,5.512,,16.094,,,,,6.471,1.085,127.6,
H6,446,P6,2.379,,10.947,,,,,4.314,0.702,65.115,
H6,446,P7,5.913,,21.681,,,,,6.965,1.081,51.447,
H6,446,P8,1.277,,8.784,,,,,3.11,0.523,116.975,
H6,446,P9,2.497,,11.377,,,,,4.929,0.645,112.244,
H6,446,P10,0.915,,6.68,,,,,2.791,0.417,120.808,
H6,446,P11,1.039,,7.232,,,,,2.501,0.529,88.187,
H6,446,P12,0.451,,4.231,,,,,1.856,0.309,106.077,
H6,446,P13,0.949,,6.814,,,,,2.896,0.417,127.142,
H6,446,P14,2.704,,11.482,,,,,5.106,0.674,102.998,
H6,446,P15,0.782,,6.27,,,,,1.893,0.526,1.605,
H6,446,P16,0.904,,6.271,,,,,2.13,0.541,80.926,
H6,446,P17,2.26,,10.69,,,,,4.77,0.603,83.877,
H7,446,Stem LE Area,853.043,,683.784,,,,,46.686,23.265,155.578,84.762
H7,446,P1,6.339,,18.751,,,,,6.905,1.169,96.194,
H7,446,P2,8.062,,16.385,,,,,6.557,1.566,96.162,
H7,446,P3,1.237,,7.697,,,,,2.498,0.631,97.519,
H7,446,P4,0.939,,6.809,,,,,2.63,0.455,93.45,
H7,446,P5,0.661,,6.273,,,,,1.556,0.541,105.05,
H7,446,P6,2.196,,10.234,,,,,4.077,0.686,101.9,
H7,446,P7,2.317,,10.699,,,,,4.355,0.677,99.077,
H7,446,P8,7.502,,19.426,,,,,7.117,1.342,89.607,
H7,446,P9,9.846,,21.403,,,,,7.786,1.61,87.477,
H7,446,P10,4.247,,12.347,,,,,4.016,1.347,102.376,
H7,446,P11,4.747,,12.925,,,,,4.861,1.243,91.337,
H7,446,P12,3.124,,16.032,,,,,4.857,0.819,98.032,
H7,446,P13,1.602,,7.095,,,,,2.174,0.938,97.171,
H7,446,P14,1.583,,8.838,,,,,2.919,0.691,86.824,
H7,446,P15,1.092,,7.385,,,,,2.439,0.57,80.266,
H7,446,P16,0.539,,5.718,,,,,1.93,0.355,91.829,
H7,446,P17,0.683,,6.508,,,,,2.248,0.387,99.832,
H7,446,P18,0.337,,4.218,,,,,1.57,0.273,92.033,
H7,446,P19,1.146,,9.292,,,,,3.644,0.401,97.16,
H7,446,P20,1.063,,6.918,,,,,2.404,0.563,87.562,
H7,446,P21,0.873,,8.277,,,,,2.695,0.412,106.815,
H7,446,P22,7.79,,22.604,,,,,5.218,1.901,100.873,
H7,446,P23,5.691,,20.28,,,,,4.655,1.556,86.536,
H7,446,P24,8.727,,20.083,,,,,7.659,1.451,90.976,
H7,446,P25,8.255,,21.197,,,,,5.934,1.771,91.826,
H7,446,P26,8.244,,22.943,,,,,8.007,1.311,89.368,
H7,446,P27,7.933,,19.069,,,,,7.325,1.379,85.219,
H7,446,P28,4.797,,18.424,,,,,6.422,0.951,91.94,
H7,446,P29,6.863,,17.611,,,,,6.728,1.299,85.294,
H7,446,P30,4.25,,16.839,,,,,6.062,0.893,94.949,
H7,446,P31,1.967,,11.305,,,,,3.489,0.718,98.251,
H7,446,P32,4.268,,15.568,,,,,4.471,1.216,85.395,
H7,446,P33,5.224,,20.743,,,,,6.251,1.064,91.078,
H7,446,P34,5.502,,18.622,,,,,5.027,1.394,86.93,
H7,446,P35,8.277,,25.616,,,,,7.386,1.427,88.143,
H7,446,P36,4.595,,18.815,,,,,5.015,1.166,91.695,
H7,446,P37,4.863,,20.48,,,,,5.442,1.138,82.621,
H7,446,P38,3.6,,16.843,,,,,4.39,1.044,85.579,
H7,446,P39,9.428,,36.383,,,,,6.635,1.809,93.42,
H7,446,P40,3.164,,20.798,,,,,4.157,0.969,96.145,
H7,446,P41,4.801,,16.86,,,,,5.095,1.2,98.965,
H7,446,P42,5.567,,19.47,,,,,6.041,1.173,92.193,
H7,446,P43,3.396,,15.252,,,,,4.305,1.005,95.085,
H7,446,P44,1.674,,10.119,,,,,3.469,0.614,90.438,
H7,446,P45,5.305,,20.759,,,,,4.264,1.584,86.511,
H7,446,P46,8.683,,20.364,,,,,7,1.579,86.923,
H7,446,P47,6.281,,18.329,,,,,6.22,1.286,89.194,
H7,446,P48,2.682,,12.923,,,,,2.92,1.169,100.663,
H7,446,P49,9.453,,19.799,,,,,7.45,1.616,92.367,
H7,446,P50,5.523,,15.057,,,,,4.992,1.409,87.989,
H7,446,P51,9.849,,21.368,,,,,7.251,1.729,87.838,
H7,446,P52,10.243,,21.496,,,,,7.881,1.655,87.49,
H7,446,P53,10.81,,21.252,,,,,8.119,1.695,92.133,
H7,446,P54,6.351,,14.085,,,,,5.497,1.471,97.266,
H7,446,P55,12.634,,23.037,,,,,9.248,1.74,95.791,
H7,446,PCIII1,2.01,,12.273,,,,,2.907,0.88,16.578,
H7,446,PCIII2,2.172,,11.905,,,,,4.017,0.689,8.767,
H7,446,PCIII3,2.362,,13.892,,,,,4.258,0.706,7.53,
H7,446,PCIII4,4.826,,14.924,,,,,5.848,1.051,179.433,
H7,446,PCIII5,2.818,,12.551,,,,,3.022,1.187,20.92,
H7,446,PCIII6,6.849,,21.202,,,,,6.86,1.271,2.845,
H7,446,PCIII7,7.776,,21.406,,,,,7.422,1.334,0.553,
H7,446,PCIII8,3.712,,14.001,,,,,4.424,1.068,174.547,
H7,446,PCIII9,4.121,,14.904,,,,,3.876,1.354,160.53,
H7,446,PCIII10,1.148,,7.287,,,,,2.198,0.665,139.081,
H7,446,PCIII11,0.844,,7.651,,,,,2.186,0.492,175.733,
H7,446,PCIII12,1.737,,8.683,,,,,2.881,0.768,153.716,
H7,446,PCIII13,1.198,,8.215,,,,,2.554,0.597,174.076,
H7,446,PCIII14,1.016,,7.357,,,,,1.809,0.715,138.041,
H8,446,P1,9.41,,20.556,,,,,7.967,1.504,84.916,
H8,446,P2,9.421,,22.433,,,,,7.463,1.607,82.626,
H8,446,P3,7.649,,24.151,,,,,6.007,1.621,103.638,
H8,446,P4,7.855,,18.142,,,,,7.371,1.357,78.76,
H8,446,P5,7.825,,20.38,,,,,7.205,1.383,61.563,
H8,446,P6,5.589,,15.29,,,,,6.628,1.074,81.766,
H8,446,P7,8.566,,19.899,,,,,7.5,1.454,75.178,
H8,446,P8,3.984,,14.825,,,,,4.659,1.089,96.47,
H8,446,P9,2.564,,10.84,,,,,3.462,0.943,92.993,
H8,446,P10,5.413,,19.174,,,,,6.373,1.081,97.164,
H8,446,P11,2.262,,10.398,,,,,4.021,0.716,93.667,
H8,446,P12,4.465,,15.037,,,,,5.223,1.089,87.302,
H8,446,P13,1.971,,11.106,,,,,3.173,0.791,114.747,
H8,446,P14,4.571,,22.729,,,,,4.643,1.254,50.635,
H8,446,P15,10.399,,20.569,,,,,8.331,1.589,92.646,
H8,446,P16,10.243,,20.558,,,,,8.364,1.559,92.7,
H8,446,P17,4.1,,15.197,,,,,5.854,0.892,89.155,
H8,446,P18,2.271,,10.415,,,,,3.628,0.797,110.942,
H8,446,P19,8.017,,17.444,,,,,6.902,1.479,82.688,
H8,446,P20,4.64,,13.1,,,,,5.041,1.172,89.078,
H8,446,P21,4.209,,14.921,,,,,5.082,1.054,100.52,
H8,446,P22,2.831,,13.246,,,,,4.429,0.814,129.55,
H8,446,P23,5.752,,15.562,,,,,5.661,1.294,69.929,
H8,446,P24,8.319,,20.885,,,,,7.359,1.439,91.871,
H8,446,P25,3.707,,14.679,,,,,4.962,0.951,56.922,
H8,446,P26,5.585,,15.684,,,,,5.578,1.275,74.354,
H8,446,P27,1.993,,9.56,,,,,3.321,0.764,83.583,
H8,446,P28,3.938,,17.96,,,,,5.72,0.877,85.249,
H8,446,P29,5.758,,19.939,,,,,5.982,1.226,74.284,
H8,446,P30,8.987,,23.645,,,,,7.755,1.475,96.037,
H8,446,P31,5.299,,19.799,,,,,4.626,1.458,91.453,
H8,446,P32,11.151,,25.558,,,,,8.714,1.629,84.564,
H8,446,P33,10.495,,26.81,,,,,9.083,1.471,79.331,
H8,446,P34,6.974,,18.923,,,,,6.922,1.283,89.542,
H8,446,P35,9.836,,23.44,,,,,7.967,1.572,97.337,
H8,446,P36,7.868,,20.35,,,,,7.737,1.295,112.666,
H8,446,P37,3.25,,14.415,,,,,4.818,0.859,89.51,
H8,446,P38,3.518,,18.139,,,,,5.092,0.88,93.038,
H8,446,P39,10.766,,30.316,,,,,8.666,1.582,101.02,
H8,446,P40,3.309,,16.784,,,,,4.311,0.977,114.425,
H8,446,P41,3.016,,13.845,,,,,4.659,0.824,119.834,
H8,446,P42,8.43,,22.911,,,,,7.973,1.346,116.611,
H8,446,P43,5.842,,16.758,,,,,5.942,1.252,66.853,
H8,446,P44,4.661,,16.682,,,,,5.252,1.13,39.016,
H8,446,P45,6.361,,18.672,,,,,6.065,1.335,105.777,
H8,446,P46,13.049,,29.029,,,,,10.531,1.578,74.847,
H8,446,P47,1.187,,8.934,,,,,2.851,0.53,98.57,
H8,446,P48,1.892,,14.245,,,,,3.655,0.659,76.326,
H8,446,P49,7.944,,22.378,,,,,7.618,1.328,79.234,
H8,446,P50,7.343,,20.019,,,,,7.038,1.329,60.257,
H8,446,P51,6.149,,27.563,,,,,6.585,1.189,20.574,
H8,446,P52,3.082,,12.409,,,,,4.435,0.885,23.075,
H8,446,P53,3.271,,14.684,,,,,4.953,0.841,30.714,
H8,446,P54,1.667,,8.7,,,,,3.01,0.705,36.87,
H8,446,P55,3.067,,12.492,,,,,4.421,0.883,10.897,
H8,446,P56,2.28,,10.596,,,,,4,0.726,19.515,
H8,446,P57,1.751,,9.091,,,,,2.672,0.834,43.05,
H8,446,P58,2.649,,13.692,,,,,3.739,0.902,20.271,
H8,446,P59,1.906,,10.595,,,,,3.383,0.717,26.932,
H8,446,P60,5.56,,18.047,,,,,5.92,1.196,19.981,
H8,446,P61,3.891,,14.941,,,,,5.385,0.92,15.881,
H8,446,PCIII1,4.402,,15.306,,,,,6.271,0.894,175.047,
H8,446,PCIIII2,4.693,,16.899,,,,,5.903,1.012,173.906,
H8,446,PCIII3,6.602,,17.962,,,,,6.086,1.381,170.648,
H8,446,PCIII2,3.015,,23.095,,,,,4.804,0.799,8.115,
H8,446,PCIIII3,3.108,,20.137,,,,,4.579,0.864,4.123,
H8,446,PCIII4,6.06,,18.695,,,,,6.516,1.184,2.513,
H8,446,PCIII3,2.805,,13.479,,,,,4.34,0.823,178.302,
FH,446,PCI1,3.968,,12.646,,,,,4.765,1.06,174.842,
FH,446,PCII1,1.137,,9.288,,,,,2.749,0.526,106.417,
FH,446,PCII2,1.029,,9.552,,,,,2.361,0.555,103.191,
FH,446,PCIII1,5.628,,19.895,,,,,4.966,1.443,93.636,
FH,446,PCIII2,5.26,,17.021,,,,,5.103,1.313,93.731,
FH,446,PCIII3,4.159,,15.232,,,,,3.747,1.413,112.746,
FH,446,PCIII4,2.263,,11.842,,,,,3.624,0.795,84.111,
FH,446,PCIII5,2.67,,12.582,,,,,4.246,0.801,105.737,
FH,446,PCIII6,1.46,,11.183,,,,,2.413,0.77,95.602,
FH,446,PCIII7,3.064,,14.876,,,,,3.275,1.191,132.508,
FH,446,PCIII8,3.742,,16.047,,,,,5.24,0.909,111.223,
FH,446,PCIII9,2.902,,16.761,,,,,2.292,1.612,103.401,
FH,446,PCIII10,3.615,,18.568,,,,,3.709,1.241,134.5,
FH,446,PCIII11,2.455,,13.529,,,,,2.887,1.083,137.842,
H1,405,PL1,20.873,,22.116,,,,,5.475,4.854,157.803,
H1,405,PL2,20.446,,20.547,,,,,5.294,4.917,89.997,
H1,405,V1,46.336,,40.711,,,,,9.439,6.251,109.307,
H1,405,V2,43.48,,38.607,,,,,8.591,6.444,140.693,
H1,405,V3,23.891,,30.446,,,,,6.314,4.818,152.706,
H1,405,V4,1.695,,9.297,,,,,2.104,1.026,160.708,
H1,405,Stem,7.898,,30.748,,,,,3.852,2.61,95.286,
H1,405,B1,0.904,,6.463,,,,,1.262,0.912,98.594,
H1,D68,PL1,24.801,,24.027,,,,,6.46,4.888,170.432,
H1,D69,PL2,27.872,,25.403,,,,,6.986,5.08,176.139,
H1,D70,V1,80.077,,58.291,,,,,11.206,9.099,119.106,
H1,D71,V2,77.877,,53.695,,,,,10.147,9.772,171.475,
H1,D72,V3,49.642,,52.286,,,,,10.356,6.104,130.319,
H1,D73,V4,2.168,,9.518,,,,,1.904,1.45,140.75,
H1,D74,Stem,12.725,,50.283,,,,,5.632,2.877,73.742,
H1,D75,B1,2.695,,15.442,,,,,2.325,1.476,110.143,
H1,468,PL1,11.066,,22.821,,,,,6.848,2.057,85.561,
H1,468,PL2,23.201,,25.204,,,,,7.478,3.95,70.852,
H1,468,V1,33.049,,40.005,,,,,8.828,4.767,21.774,
H1,468,V2,58.77,,47.732,,,,,9.454,7.915,59.641,
H1,468,V3,25.756,,38.588,,,,,6.404,5.121,146.812,
H1,468,V4,0.972,,6.54,,,,,1.224,1.011,81.309,
H1,468,Stem,11.784,,42.83,,,,,5.757,2.606,94.948,
H1,469,V1,15.126,,18.129,,,,,4.552,4.231,157.242,
H1,469,V2,16.087,,17.746,,,,,4.977,4.115,11.105,
H1,469,V3,32.693,,32.51,,,,,8.997,4.626,17.663,
H1,469,V4,20.346,,32.454,,,,,5.551,4.667,104.827,
H1,469,Stem,4.509,,24.979,,,,,3.998,1.436,94.159,
H2,443,PL1,19.093,,29.563,,,,,5.361,4.534,56.545,
H2,443,Pl2,20.397,,19.16,,,,,5.642,4.603,54.258,
H2,443,V1,74.264,,71.786,,,,,10.373,9.116,175.807,
H2,443,V2,95.516,,65.559,,,,,12.075,10.071,81.66,
H2,443,V3,131.444,,77.509,,,,,15.427,10.848,37.65,
H2,443,V4,51.969,,54.933,,,,,9.207,7.187,104.619,
H2,443,V5,2.695,,9.272,,,,,2.384,1.439,43.075,
H2,443,Stem,18.23,,73.214,,,,,7.251,3.201,121.919,
H2,443,B1,42.21,,56.138,,,,,8.461,6.352,133.191,
H2,468,PL1,44.405,,30.616,,,,,8.452,6.689,94.486,
H2,468,V1,103.424,,88.242,,,,,14.897,8.84,155.305,
H2,468,V2,101.005,,89.669,,,,,12.418,10.356,65.506,
H2,468,V3,126.812,,77.757,,,,,17.355,9.304,1.47,
H2,468,V4,96.037,,86.082,,,,,11.481,10.65,145.392,
H2,468,V5,28.129,,45.273,,,,,8.175,4.381,170.914,
H2,468,Stem,39.896,,108.184,,,,,14.467,3.511,14.449,
H2,468,B1,32.31,,30.585,,,,,7.551,5.448,37.369,
H2,468,B2,61.635,,66.113,,,,,10.144,7.736,155.673,
H2,468,B3,4.151,,17.887,,,,,2.624,2.014,45.955,
H2,468,B4,1.212,,7.157,,,,,1.646,0.937,145.608,
H3,468,V1,94.813,,59.919,,,,,11.407,10.583,155.783,
H3,468,V2,96.11,,71.654,,,,,15.276,8.011,134.646,
H3,468,V3,88.696,,62.696,,,,,12.489,9.042,0.813,
H3,468,V4,139.072,,73.104,,,,,15.311,11.565,175.81,
H3,468,V5,121.417,,92.492,,,,,13.888,11.132,163.633,
H3,468,V6,204.071,,94.749,,,,,19.811,13.116,38.835,
H3,468,V7,199.202,,92.113,,,,,16.91,14.999,163.015,
H3,468,V8,99.247,,71.73,,,,,12.6,10.029,42.748,
H3,468,B1,40.191,,68.3,,,,,8.531,5.998,35.987,
H3,468,B2,29.373,,30.845,,,,,7.983,4.685,73.166,
H3,468,B3,4.626,,18.942,,,,,2.693,2.187,57.157,
H3,468,B4,97.992,,65.288,,,,,13.235,9.427,78.348,
H3,468,B5,85.27,,75.921,,,,,13.285,8.172,10.572,
H3,468,B6,43.747,,39.107,,,,,8.73,6.38,32.18,
H3,468,B7,77.768,,82.139,,,,,10.691,9.262,86.495,
H3,468,B8,189.785,,99.241,,,,,16.546,14.604,169.468,
H3,468,B9,77.555,,62.578,,,,,10.492,9.411,2.626,
H3,468,B10,1.309,,12.497,,,,,1.718,0.971,40.939,
H3,468,B11,1.39,,11.254,,,,,1.73,1.023,101.368,
H3,468,B12,80.544,,75.791,,,,,11.078,9.257,86.846,
H3,468,B13,6.944,,22.673,,,,,3.25,2.721,81.939,
H3,468,B14,24.198,,45.592,,,,,7.699,4.002,72.564,
H3,468,B15,42.847,,48.452,,,,,8.605,6.34,23.865,
H3,468,B16,111.05,,76.9,,,,,15.307,9.237,53.104,
H3,468,B17,118.649,,66.812,,,,,13.065,11.563,99.297,
H3,468,B18,2.605,,15.406,,,,,2.094,1.584,21.194,
H3,468,B19,55.679,,62.667,,,,,9.84,7.205,120.539,
H3,468,B20,85.736,,85.427,,,,,12.216,8.936,156.378,
H3,468,B21,1.212,,10.571,,,,,1.294,1.192,71.723,
H3,468,B22,58.886,,59.003,,,,,13.407,5.592,73.953,
H3,468,B23,8.03,,13.027,,,,,4.233,2.415,87.717,
H3,468,B24,69.142,,76.265,,,,,12.555,7.012,76.899,
H3,468,STEM,162.22,,258.895,,,,,26.296,7.855,47.052,35.27
H4,468,V1,50.386,,60.611,,,,,9.168,6.998,61.966,
H4,468,V2,79.936,,55.637,,,,,12.296,8.277,6.599,
H4,468,V3,158.542,,84.76,,,,,15.083,13.383,50.073,
H4,468,V4,139.666,,81.678,,,,,16.715,10.639,123.588,
H4,468,V5,139.749,,81.315,,,,,14.607,12.182,31.568,
H4,468,V6,160.563,,86.293,,,,,15.175,13.472,30.11,
H4,468,V7,167.87,,95.548,,,,,15.57,13.727,165.278,
H4,468,B1,137.834,,86.875,,,,,16.787,10.454,85.915,
H4,468,B2,78.493,,66.673,,,,,10.277,9.725,78.653,
H4,468,B3,124.994,,79.982,,,,,14.677,10.843,169.12,
H4,468,B4,83.17,,60.955,,,,,12.184,8.691,110.578,
H4,468,B5,85.047,,64.503,,,,,11.148,9.713,113.032,
H4,468,B6,41.204,,45.693,,,,,10.424,5.033,49.856,
H4,468,B7,99.491,,70.405,,,,,12.426,10.194,99.588,
H4,468,B8,9.344,,21.482,,,,,4.28,2.78,147.947,
H4,468,B9,107.717,,88.016,,,,,11.914,11.511,8.984,
H4,468,B10,5.195,,22.505,,,,,3.042,2.175,174.054,
H4,468,B11,15.252,,35.162,,,,,4.629,4.195,98.389,
H4,468,B12,90.19,,68.089,,,,,12.751,9.006,25.784,
H4,468,B13,56.376,,49.523,,,,,10.557,6.799,51.517,
H4,468,B14,108.403,,78.004,,,,,12.192,11.321,72.272,
H4,468,B15,116.263,,69.684,,,,,13.745,10.77,52.915,
H4,468,B16,125.742,,82.889,,,,,15.172,10.553,53.328,
H4,468,B17,86.58,,63.907,,,,,12.882,8.557,46.444,
H4,468,B18,184.797,,84.653,,,,,16.373,14.371,0.982,
H4,468,B19,50.012,,58.289,,,,,9.541,6.674,67.585,
H4,468,B20,10.06,,28.788,,,,,4.488,2.854,156.416,
H4,468,B21,58.069,,58.385,,,,,14.896,4.963,93.209,
H4,468,B22,87.643,,62.705,,,,,11.592,9.627,95.905,
H4,468,B23,75.117,,65.701,,,,,11.483,8.329,53.419,
H4,468,B24,33.491,,41.151,,,,,7.742,5.508,91.038,
H4,468,B25,152.09,,79.102,,,,,14.525,13.332,101.99,
H4,468,B26,112.406,,69.64,,,,,13.259,10.794,165.521,
H4,468,B27,73.253,,58.364,,,,,10.321,9.037,88.689,
H4,468,B28,172.623,,93.906,,,,,16.418,13.387,162.442,
H4,468,B29,143.309,,119.984,,,,,14.489,12.594,100.276,
H4,468,B30,14.811,,29.707,,,,,6.126,3.078,157.22,
H4,468,B31,13.819,,21.676,,,,,4.476,3.931,78.492,
H4,468,B32,5.657,,17.799,,,,,3.342,2.155,27.749,
H4,468,Stem,207.732,,305.695,,,,,22.06,11.99,165.321,
H6,468,Stem,539.62,,567.486,,,,,41.997,16.36,69.473,
H7,468,Stem,520.867,,314.964,,,,,36.909,17.968,92.744,
H8,468,Stem,667.687,,595.202,,,,,39.89,21.312,86.591,
H8,468,P1,2.395,,12.091,,,,,3.651,0.835,92.619,
H8,468,P2,1.24,,9.389,,,,,2.447,0.645,107.317,
H8,468,P3,0.773,,7.303,,,,,1.445,0.681,93.994,
H8,468,P4,0.782,,7.465,,,,,1.609,0.619,115.325,
H8,468,P5,0.866,,7.017,,,,,2.485,0.444,92.506,
H8,468,P6,0.525,,5.333,,,,,1.544,0.433,80.015,
H8,468,P7,0.59,,6.205,,,,,1.436,0.523,103.262,
H8,468,P8,0.612,,6.738,,,,,1.515,0.515,113.262,
H8,468,P9,0.339,,3.586,,,,,1.138,0.379,97.224,
H9,468,Stem,991.585,,574.551,,,,,42.47,29.727,149.293,
