"","plot","rep","PI","DAP","site","geno"
"1","1","P1",4.212233939,25,1,"RIJC208"
"2","1","P2",4.07748392,25,1,"RIJC208"
"3","1","P3",4.803884932,25,1,"RIJC208"
"4","10","P1",4.397112105,25,1,"RIJC368"
"5","10","P2",3.633694106,25,1,"RIJC368"
"6","10","P3",4.710563987,25,1,"RIJC368"
"7","100","P1",3.018162074,25,1,"RIJC005"
"8","100","P2",3.792446417,25,1,"RIJC005"
"9","100","P3",3.487233598,25,1,"RIJC005"
"10","101","P1",3.942474545,25,1,"RIJC344"
"11","101","P2",3.882001216,25,1,"RIJC344"
"12","101","P3",3.604071324,25,1,"RIJC344"
"13","102","P1",4.387224756,25,1,"JAM"
"14","102","P2",4.165956233,25,1,"JAM"
"15","102","P3",3.830585045,25,1,"JAM"
"16","103","P1",3.307523319,25,1,"RIJC261"
"17","103","P2",3.479190061,25,1,"RIJC261"
"18","103","P3",3.181449866,25,1,"RIJC261"
"19","104","P1",3.177265371,25,1,"RIJC302"
"20","104","P2",4.063269761,25,1,"RIJC302"
"21","104","P3",3.840465534,25,1,"RIJC302"
"22","105","P1",4.251259089,25,1,"RIJC001"
"23","105","P2",2.524056478,25,1,"RIJC001"
"24","105","P3",3.566207283,25,1,"RIJC001"
"25","106","P1",3.868399683,25,1,"RIJC361"
"26","106","P2",4.32387287,25,1,"RIJC361"
"27","106","P3",4.092109998,25,1,"RIJC361"
"28","107","P1",6.08172872,25,1,"RIJC334"
"29","107","P2",4.611577877,25,1,"RIJC334"
"30","107","P3",4.583820638,25,1,"RIJC334"
"31","108","P1",3.748955984,25,1,"RIJC214"
"32","108","P2",4.823873102,25,1,"RIJC214"
"33","108","P3",5.144556613,25,1,"RIJC214"
"34","109","P1",2.770653798,25,1,"RIJC238"
"35","109","P2",2.065421202,25,1,"RIJC238"
"36","109","P3",1.637716558,25,1,"RIJC238"
"37","11","P1",4.686513265,25,1,"TM2"
"38","11","P2",4.916662858,25,1,"TM2"
"39","11","P3",4.660830402,25,1,"TM2"
"40","110","P1",2.450568457,25,1,"RIJC352"
"41","110","P2",2.115781427,25,1,"RIJC352"
"42","110","P3",2.533467494,25,1,"RIJC352"
"43","111","P1",3.291719581,25,1,"RIJC314"
"44","111","P2",2.803758249,25,1,"RIJC314"
"45","111","P3",2.779772069,25,1,"RIJC314"
"46","112","P1",3.326740252,25,1,"RIJC235"
"47","112","P2",4.339734125,25,1,"RIJC235"
"48","112","P3",3.789281469,25,1,"RIJC235"
"49","113","P1",2.635729776,25,1,"RIJC076"
"50","113","P2",2.408973898,25,1,"RIJC076"
"51","113","P3",3.453784181,25,1,"RIJC076"
"52","114","P1",2.971975911,25,1,"RIJC241"
"53","114","P2",3.242436403,25,1,"RIJC241"
"54","114","P3",3.130987545,25,1,"RIJC241"
"55","115","P1",2.771604798,25,1,"RIJC244"
"56","115","P2",3.040303393,25,1,"RIJC244"
"57","115","P3",3.203511197,25,1,"RIJC244"
"58","116","P1",2.970329037,25,1,"TM7"
"59","116","P2",2.620478677,25,1,"TM7"
"60","116","P3",2.758119147,25,1,"TM7"
"61","117","P1",4.315088722,25,1,"RIJC035"
"62","117","P2",4.688382337,25,1,"RIJC035"
"63","117","P3",4.588801204,25,1,"RIJC035"
"64","118","P1",3.900979909,25,1,"RIJC030"
"65","118","P2",4.190128141,25,1,"RIJC030"
"66","118","P3",4.572428065,25,1,"RIJC030"
"67","119","P1",3.742465889,25,1,"RIJC021"
"68","119","P2",3.945762225,25,1,"RIJC021"
"69","119","P3",3.477461081,25,1,"RIJC021"
"70","12","P1",3.453784181,25,1,"RIJC025"
"71","12","P2",4.194606128,25,1,"RIJC025"
"72","12","P3",5.115245961,25,1,"RIJC025"
"73","120","P1",4.299650121,25,1,"RIJC144"
"74","120","P2",4.218023304,25,1,"RIJC144"
"75","120","P3",4.252711297,25,1,"RIJC144"
"76","121","P1",6.033275821,25,1,"RIJC205"
"77","121","P2",5.207618043,25,1,"RIJC205"
"78","121","P3",5.036970261,25,1,"RIJC205"
"79","122","P1",4.207618043,25,1,"RIJC313"
"80","122","P2",4.68457166,25,1,"RIJC313"
"81","122","P3",4.099850827,25,1,"RIJC313"
"82","123","P1",4.094904641,25,1,"RIJC141"
"83","123","P2",3.941644415,25,1,"RIJC141"
"84","123","P3",3.275914266,25,1,"RIJC141"
"85","124","P1",5.11006852,25,1,"RIJC368"
"86","124","P2",4.02095345,25,1,"RIJC368"
"87","124","P3",4.955448644,25,1,"RIJC368"
"88","125","P1",NA,NA,1,"RIJC370"
"89","125","P2",NA,NA,1,"RIJC370"
"90","125","P3",NA,NA,1,"RIJC370"
"91","126","P1",3.885212273,25,1,"JAM"
"92","126","P2",4.479190061,25,1,"JAM"
"93","126","P3",2.544513645,25,1,"JAM"
"94","127","P1",4.491979597,25,1,"RIJC046"
"95","127","P2",4.643757747,25,1,"RIJC046"
"96","127","P3",4.678457724,25,1,"RIJC046"
"97","128","P1",3.804965613,25,1,"RIJC066"
"98","128","P2",4.251685069,25,1,"RIJC066"
"99","128","P3",5.041046827,25,1,"RIJC066"
"100","129","P1",3.583820638,25,1,"RIJC234"
"101","129","P2",4.364066141,25,1,"RIJC234"
"102","129","P3",3.52072924,25,1,"RIJC234"
"103","13","P1",5.126654278,25,1,"RIJC220"
"104","13","P2",5.099850827,25,1,"RIJC220"
"105","13","P3",6.045131191,25,1,"RIJC220"
"106","130","P1",NA,NA,1,"RIJC364"
"107","130","P2",NA,NA,1,"RIJC364"
"108","130","P3",NA,NA,1,"RIJC364"
"109","131","P1",4.741031822,25,1,"RIJC027"
"110","131","P2",4.588602504,25,1,"RIJC027"
"111","131","P3",4.808155959,25,1,"RIJC027"
"112","132","P1",3.949008012,25,1,"RIJC254"
"113","132","P2",3.026747406,25,1,"RIJC254"
"114","132","P3",2.706259582,25,1,"RIJC254"
"115","133","P1",4.184715373,25,1,"RIJC080"
"116","133","P2",5.02095345,25,1,"RIJC080"
"117","133","P3",3.563140571,25,1,"RIJC080"
"118","134","P1",5.033275821,25,1,"RIJC240"
"119","134","P2",4.666523158,25,1,"RIJC240"
"120","134","P3",4.387224756,25,1,"RIJC240"
"121","135","P1",3.415860364,25,1,"RIJC326"
"122","135","P2",3.737776359,25,1,"RIJC326"
"123","135","P3",3.869642736,25,1,"RIJC326"
"124","136","P1",5.32319437,25,1,"TM4"
"125","136","P2",5.560825974,25,1,"TM4"
"126","136","P3",5.268584118,25,1,"TM4"
"127","137","P1",5.492736509,25,1,"RIJC073"
"128","137","P2",4.965365612,25,1,"RIJC073"
"129","137","P3",5.274447891,25,1,"RIJC073"
"130","138","P1",4.207618043,25,1,"RIJC048"
"131","138","P2",3.539146689,25,1,"RIJC048"
"132","138","P3",4.793730371,25,1,"RIJC048"
"133","139","P1",5.512587205,25,1,"TM3"
"134","139","P2",5.968302319,25,1,"TM3"
"135","139","P3",4.575716642,25,1,"TM3"
"136","14","P1",5.231176892,25,1,"TM4"
"137","14","P2",5.493666808,25,1,"TM4"
"138","14","P3",5.231341798,25,1,"TM4"
"139","140","P1",4.525722633,25,1,"RIJC212"
"140","140","P2",5.251685069,25,1,"RIJC212"
"141","140","P3",4.444701394,25,1,"RIJC212"
"142","141","P1",4.746106376,25,1,"RIJC146"
"143","141","P2",3.784767017,25,1,"RIJC146"
"144","141","P3",4.906232731,25,1,"RIJC146"
"145","142","P1",4.572315267,25,1,"CAL"
"146","142","P2",4.131565728,25,1,"CAL"
"147","142","P3",4.497798861,25,1,"CAL"
"148","143","P1",3.778545504,25,1,"RIJC070"
"149","143","P2",4.657728344,25,1,"RIJC070"
"150","143","P3",4.231176892,25,1,"RIJC070"
"151","144","P1",4.723287094,25,1,"RIJC082"
"152","144","P2",4.070052959,25,1,"RIJC082"
"153","144","P3",4.12528218,25,1,"RIJC082"
"154","145","P1",4.209061955,25,1,"RIJC260"
"155","145","P2",4.206449571,25,1,"RIJC260"
"156","145","P3",4.176228507,25,1,"RIJC260"
"157","146","P1",4.878314044,25,1,"RIJC071"
"158","146","P2",3.884484796,25,1,"RIJC071"
"159","146","P3",4.376001343,25,1,"RIJC071"
"160","147","P1",10.5603093,25,1,"RIJC045"
"161","147","P2",4.364066141,25,1,"RIJC045"
"162","147","P3",3.938379269,25,1,"RIJC045"
"163","148","P1",4.036970261,25,1,"RIJC047"
"164","148","P2",4.094202843,25,1,"RIJC047"
"165","148","P3",4.801258702,25,1,"RIJC047"
"166","149","P1",4.534685359,25,1,"RIJC233"
"167","149","P2",4.364069618,25,1,"RIJC233"
"168","149","P3",4.874230617,25,1,"RIJC233"
"169","15","P1",4.589740491,25,1,"RIJC079"
"170","15","P2",4.147706646,25,1,"RIJC079"
"171","15","P3",4.115245961,25,1,"RIJC079"
"172","150","P1",4.194606128,25,1,"RIJC373"
"173","150","P2",4.207618043,25,1,"RIJC373"
"174","150","P3",4.434049729,25,1,"RIJC373"
"175","151","P1",4.274434541,25,1,"RIJC348"
"176","151","P2",3.61849673,25,1,"RIJC348"
"177","151","P3",3.402723344,25,1,"RIJC348"
"178","152","P1",5.041046827,25,1,"RIJC347"
"179","152","P2",5.492736509,25,1,"RIJC347"
"180","152","P3",5.676495197,25,1,"RIJC347"
"181","153","P1",4.041046827,25,1,"RIJC352"
"182","153","P2",3.942474545,25,1,"RIJC352"
"183","153","P3",4.606840365,25,1,"RIJC352"
"184","154","P1",3.795888947,25,1,"RIJC078"
"185","154","P2",3.769385652,25,1,"RIJC078"
"186","154","P3",3.226023968,25,1,"RIJC078"
"187","155","P1",4.364066141,25,1,"RIJC374"
"188","155","P2",4.115106644,25,1,"RIJC374"
"189","155","P3",4.326915579,25,1,"RIJC374"
"190","156","P1",4.626994975,25,1,"RIJC004"
"191","156","P2",4.292029674,25,1,"RIJC004"
"192","156","P3",4.626994975,25,1,"RIJC004"
"193","157","P1",5.11006852,25,1,"RIJC002"
"194","157","P2",3.96458513,25,1,"RIJC002"
"195","157","P3",4.173931015,25,1,"RIJC002"
"196","158","P1",4.251259089,25,1,"RIJC142"
"197","158","P2",4.376001343,25,1,"RIJC142"
"198","158","P3",4.885280673,25,1,"RIJC142"
"199","159","P1",5.851640912,25,1,"CAL"
"200","159","P2",4.749211961,25,1,"CAL"
"201","159","P3",5.242436403,25,1,"CAL"
"202","16","P1",3.338544766,25,1,"RIJC217"
"203","16","P2",4.690156825,25,1,"RIJC217"
"204","16","P3",4.869104678,25,1,"RIJC217"
"205","160","P1",4.386085692,25,1,"RIJC236"
"206","160","P2",5.036970261,25,1,"RIJC236"
"207","160","P3",3.886816224,25,1,"RIJC236"
"208","161","P1",5.620759673,25,1,"RIJC065"
"209","161","P2",5.615016483,25,1,"RIJC065"
"210","161","P3",5.880287968,25,1,"RIJC065"
"211","162","P1",4.557377429,25,1,"RIJC005"
"212","162","P2",4.397112105,25,1,"RIJC005"
"213","162","P3",4.572315267,25,1,"RIJC005"
"214","163","P1",5.464786294,25,1,"TM1"
"215","163","P2",3.689622149,25,1,"TM1"
"216","163","P3",4.67627693,25,1,"TM1"
"217","164","P1",3.759074209,25,1,"RIJC021"
"218","164","P2",3.450450928,25,1,"RIJC021"
"219","164","P3",3.615630878,25,1,"RIJC021"
"220","165","P1",5.375755616,25,1,"RIJC319"
"221","165","P2",5.485992796,25,1,"RIJC319"
"222","165","P3",4.430686454,25,1,"RIJC319"
"223","166","P1",4.365212389,25,1,"RIJC018"
"224","166","P2",4.629667913,25,1,"RIJC018"
"225","166","P3",4.752843893,25,1,"RIJC018"
"226","167","P1",5.041046827,25,1,"RIJC225"
"227","167","P2",5.085708293,25,1,"RIJC225"
"228","167","P3",5.560825974,25,1,"RIJC225"
"229","168","P1",NA,NA,1,"RIJC242"
"230","168","P2",NA,NA,1,"RIJC242"
"231","168","P3",NA,NA,1,"RIJC242"
"232","169","P1",5.604071324,25,1,"RIJC314"
"233","169","P2",5.04559481,25,1,"RIJC314"
"234","169","P3",3.390795491,25,1,"RIJC314"
"235","17","P1",4.756719942,25,1,"RIJC337"
"236","17","P2",4.158807034,25,1,"RIJC337"
"237","17","P3",4.178071905,25,1,"RIJC337"
"238","170","P1",5.050725849,25,1,"RIJC069"
"239","170","P2",5.601208427,25,1,"RIJC069"
"240","170","P3",5.818912089,25,1,"RIJC069"
"241","171","P1",4.058239424,25,1,"RIJC049"
"242","171","P2",4.393937253,25,1,"RIJC049"
"243","171","P3",3.456103197,25,1,"RIJC049"
"244","172","P1",4.631517203,25,1,"RIJC372"
"245","172","P2",5.033275821,25,1,"RIJC372"
"246","172","P3",4.444701394,25,1,"RIJC372"
"247","173","P1",5.390377281,25,1,"RIJC076"
"248","173","P2",3.807710053,25,1,"RIJC076"
"249","173","P3",4.11006852,25,1,"RIJC076"
"250","174","P1",5.355870515,25,1,"RIJC248"
"251","174","P2",5.411016588,25,1,"RIJC248"
"252","174","P3",4.045636319,25,1,"RIJC248"
"253","175","P1",4.512587205,25,1,"RIJC016"
"254","175","P2",4.889556297,25,1,"RIJC016"
"255","175","P3",4.895769233,25,1,"RIJC016"
"256","176","P1",3.772741844,25,1,"RIJC214"
"257","176","P2",5.337753822,25,1,"RIJC214"
"258","176","P3",5.231176892,25,1,"RIJC214"
"259","177","P1",3.366090013,25,1,"RIJC140"
"260","177","P2",3.322474521,25,1,"RIJC140"
"261","177","P3",4.537565084,25,1,"RIJC140"
"262","178","P1",4.662352842,25,1,"RIJC001"
"263","178","P2",4.041046827,25,1,"RIJC001"
"264","178","P3",4.551490786,25,1,"RIJC001"
"265","179","P1",5.399569511,25,1,"TM7"
"266","179","P2",5.544146317,25,1,"TM7"
"267","179","P3",5.808155959,25,1,"TM7"
"268","18","P1",4.108528608,25,1,"RIJC250"
"269","18","P2",4.280714713,25,1,"RIJC250"
"270","18","P3",4.018162074,25,1,"RIJC250"
"271","180","P1",5.232537492,25,1,"TM9"
"272","180","P2",5.662352842,25,1,"TM9"
"273","180","P3",5.121296762,25,1,"TM9"
"274","181","P1",6.247512131,26,1,"RIJC244"
"275","181","P2",5.115781427,26,1,"RIJC244"
"276","181","P3",5.601208427,26,1,"RIJC244"
"277","182","P1",6.489896102,26,1,"TM10"
"278","182","P2",5.247747897,26,1,"TM10"
"279","182","P3",5.724702432,26,1,"TM10"
"280","183","P1",5.198977847,26,1,"RIJC344"
"281","183","P2",5.307553842,26,1,"RIJC344"
"282","183","P3",4.819809274,26,1,"RIJC344"
"283","184","P1",5.212233939,26,1,"RIJC238"
"284","184","P2",6.404214961,26,1,"RIJC238"
"285","184","P3",5.178071905,26,1,"RIJC238"
"286","185","P1",5.741802294,26,1,"TM2"
"287","185","P2",6.022783189,26,1,"TM2"
"288","185","P3",6.247745864,26,1,"TM2"
"289","186","P1",3.66839088,26,1,"RIJC251"
"290","186","P2",3.840465534,26,1,"RIJC251"
"291","186","P3",3.104419235,26,1,"RIJC251"
"292","187","P1",3.868848239,26,1,"RIJC327"
"293","187","P2",4.689770466,26,1,"RIJC327"
"294","187","P3",4.510400379,26,1,"RIJC327"
"295","188","P1",5.23757095,26,1,"RIJC059"
"296","188","P2",5.099850827,26,1,"RIJC059"
"297","188","P3",5.057011273,26,1,"RIJC059"
"298","189","P1",3.70627461,26,1,"RIJC363"
"299","189","P2",5.423794446,26,1,"RIJC363"
"300","189","P3",5.172912525,26,1,"RIJC363"
"301","19","P1",4.642885906,25,1,"RIJC254"
"302","19","P2",3.66006608,25,1,"RIJC254"
"303","19","P3",2.93195904,25,1,"RIJC254"
"304","190","P1",4.715008323,26,1,"TM5"
"305","190","P2",5.460390374,26,1,"TM5"
"306","190","P3",3.740167731,26,1,"TM5"
"307","191","P1",4.535026479,26,1,"RIJC324"
"308","191","P2",4.419327236,26,1,"RIJC324"
"309","191","P3",4.514557746,26,1,"RIJC324"
"310","192","P1",6.294843002,26,1,"RIJC316"
"311","192","P2",5.841296708,26,1,"RIJC316"
"312","192","P3",6.681227978,26,1,"RIJC316"
"313","193","P1",5.04559481,26,1,"RIJC264"
"314","193","P2",4.767956446,26,1,"RIJC264"
"315","193","P3",5.91973995,26,1,"RIJC264"
"316","194","P1",3.45923253,26,1,"RIJC247"
"317","194","P2",4,26,1,"RIJC247"
"318","194","P3",3.872005729,26,1,"RIJC247"
"319","195","P1",4.711122222,26,1,"RIJC139"
"320","195","P2",4.805676765,26,1,"RIJC139"
"321","195","P3",5.181721493,26,1,"RIJC139"
"322","196","P1",5.463660707,26,1,"TM6"
"323","196","P2",5.730845145,26,1,"TM6"
"324","196","P3",5.760619308,26,1,"TM6"
"325","197","P1",6.799896665,26,1,"RIJC020"
"326","197","P2",6.02988959,26,1,"RIJC020"
"327","197","P3",4.623989103,26,1,"RIJC020"
"328","198","P1",6.915915459,26,1,"RIJC220"
"329","198","P2",6.771031405,26,1,"RIJC220"
"330","198","P3",6.690345226,26,1,"RIJC220"
"331","199","P1",3.764959552,26,1,"RIJC335"
"332","199","P2",3.73684063,26,1,"RIJC335"
"333","199","P3",4.203511197,26,1,"RIJC335"
"334","2","P1",4.519556489,25,1,"RIJC223"
"335","2","P2",4.628056955,25,1,"RIJC223"
"336","2","P3",4.474975117,25,1,"RIJC223"
"337","20","P1",4.132985156,25,1,"RIJC059"
"338","20","P2",4.930238555,25,1,"RIJC059"
"339","20","P3",5.512587205,25,1,"RIJC059"
"340","200","P1",5.701942801,26,1,"RIJC243"
"341","200","P2",4.971395469,26,1,"RIJC243"
"342","200","P3",6.190128141,26,1,"RIJC243"
"343","201","P1",5.165956233,26,1,"RIJC015"
"344","201","P2",4.26751324,26,1,"RIJC015"
"345","201","P3",4.02095345,26,1,"RIJC015"
"346","202","P1",4.383373611,26,1,"RIJC223"
"347","202","P2",4.47725233,26,1,"RIJC223"
"348","202","P3",5.184715373,26,1,"RIJC223"
"349","203","P1",4.02988959,26,1,"RIJC361"
"350","203","P2",3.348596857,26,1,"RIJC361"
"351","203","P3",4.457786464,26,1,"RIJC361"
"352","204","P1",4.290700614,26,1,"RIJC355"
"353","204","P2",4.492736509,26,1,"RIJC355"
"354","204","P3",3.60832572,26,1,"RIJC355"
"355","205","P1",4.173370215,26,1,"JAM"
"356","205","P2",4.162857925,26,1,"JAM"
"357","205","P3",5.057011273,26,1,"JAM"
"358","206","P1",2.905541843,26,1,"RIJC019"
"359","206","P2",3.598537591,26,1,"RIJC019"
"360","206","P3",3.371182996,26,1,"RIJC019"
"361","207","P1",4.663993751,26,1,"RIJC138"
"362","207","P2",4.242436403,26,1,"RIJC138"
"363","207","P3",4.051168272,26,1,"RIJC138"
"364","208","P1",4.050738306,26,1,"RIJC261"
"365","208","P2",4.539517457,26,1,"RIJC261"
"366","208","P3",4.342711479,26,1,"RIJC261"
"367","209","P1",3.889556297,26,1,"RIJC017"
"368","209","P2",4.929906922,26,1,"RIJC017"
"369","209","P3",5.113282753,26,1,"RIJC017"
"370","21","P1",4.443172696,25,1,"RIJC003"
"371","21","P2",4.954370214,25,1,"RIJC003"
"372","21","P3",3.864413312,25,1,"RIJC003"
"373","210","P1",4.139399369,26,1,"RIJC337"
"374","210","P2",4.502164617,26,1,"RIJC337"
"375","210","P3",4.65868559,26,1,"RIJC337"
"376","211","P1",4.572428065,26,1,"RIJC217"
"377","211","P2",4,26,1,"RIJC217"
"378","211","P3",3.54180203,26,1,"RIJC217"
"379","212","P1",4.861574051,26,1,"RIJC330"
"380","212","P2",4.953736973,26,1,"RIJC330"
"381","212","P3",4.889556297,26,1,"RIJC330"
"382","213","P1",4.23757095,26,1,"RIJC025"
"383","213","P2",4.966775337,26,1,"RIJC025"
"384","213","P3",4.482527034,26,1,"RIJC025"
"385","214","P1",4.755529082,26,1,"RIJC136"
"386","214","P2",4.926933349,26,1,"RIJC136"
"387","214","P3",4.660830402,26,1,"RIJC136"
"388","215","P1",4.955845047,26,1,"RIJC003"
"389","215","P2",5.040303393,26,1,"RIJC003"
"390","215","P3",4.625094523,26,1,"RIJC003"
"391","216","P1",4.841852862,26,1,"RIJC262"
"392","216","P2",4.823555345,26,1,"RIJC262"
"393","216","P3",4.389686003,26,1,"RIJC262"
"394","217","P1",3.724814859,26,1,"RIJC230"
"395","217","P2",4.307553842,26,1,"RIJC230"
"396","217","P3",4.491979597,26,1,"RIJC230"
"397","218","P1",3.935027979,26,1,"RIJC235"
"398","218","P2",4.212509963,26,1,"RIJC235"
"399","218","P3",4.331912466,26,1,"RIJC235"
"400","219","P1",4.47787948,26,1,"RIJC147"
"401","219","P2",3.744862143,26,1,"RIJC147"
"402","219","P3",3.887747658,26,1,"RIJC147"
"403","22","P1",5.447698346,25,1,"RIJC363"
"404","22","P2",4.593341177,25,1,"RIJC363"
"405","22","P3",5.247747897,25,1,"RIJC363"
"406","220","P1",4.115245961,26,1,"RIJC241"
"407","220","P2",4.71596082,26,1,"RIJC241"
"408","220","P3",4.033275821,26,1,"RIJC241"
"409","221","P1",4.065782959,26,1,"RIJC367"
"410","221","P2",4.968302319,26,1,"RIJC367"
"411","221","P3",5.178071905,26,1,"RIJC367"
"412","222","P1",3.911018034,26,1,"RIJC250"
"413","222","P2",4.210499917,26,1,"RIJC250"
"414","222","P3",3.601687556,26,1,"RIJC250"
"415","223","P1",4.424921309,26,1,"RIJC145"
"416","223","P2",4.026747406,26,1,"RIJC145"
"417","223","P3",4.946088443,26,1,"RIJC145"
"418","224","P1",4.824498512,26,1,"RIJC302"
"419","224","P2",4.312860336,26,1,"RIJC302"
"420","224","P3",4.42877328,26,1,"RIJC302"
"421","225","P1",4.883669199,26,1,"RIJC074"
"422","225","P2",5.090462991,26,1,"RIJC074"
"423","225","P3",5.348168887,26,1,"RIJC074"
"424","226","P1",3.797280746,26,1,"RIJC035"
"425","226","P2",4.924272965,26,1,"RIJC035"
"426","226","P3",4.654547271,26,1,"RIJC035"
"427","227","P1",3.467585373,26,1,"RIJC255"
"428","227","P2",4.83604159,26,1,"RIJC255"
"429","227","P3",4.524846622,26,1,"RIJC255"
"430","228","P1",4.165956233,26,1,"RIJC144"
"431","228","P2",3.599488923,26,1,"RIJC144"
"432","228","P3",3.655221343,26,1,"RIJC144"
"433","229","P1",3.10428694,26,1,"RIJC232"
"434","229","P2",3.726342552,26,1,"RIJC232"
"435","229","P3",3.97349987,26,1,"RIJC232"
"436","23","P1",4.784767017,25,1,"RIJC146"
"437","23","P2",4.194606128,25,1,"RIJC146"
"438","23","P3",2.087843896,25,1,"RIJC146"
"439","230","P1",5.11006852,26,1,"RIJC334"
"440","230","P2",4.512013692,26,1,"RIJC334"
"441","230","P3",4.361507482,26,1,"RIJC334"
"442","231","P1",2.976758411,26,1,"RIJC081"
"443","231","P2",3.604302383,26,1,"RIJC081"
"444","231","P3",3.611577877,26,1,"RIJC081"
"445","232","P1",3.290700614,26,1,"RIJC237"
"446","232","P2",3.365212389,26,1,"RIJC237"
"447","232","P3",3.397112105,26,1,"RIJC237"
"448","233","P1",2.872431071,26,1,"RIJC203"
"449","233","P2",4.626067675,26,1,"RIJC203"
"450","233","P3",4.151433285,26,1,"RIJC203"
"451","234","P1",3.960802878,26,1,"RIJC030"
"452","234","P2",4.338819032,26,1,"RIJC030"
"453","234","P3",4.617359389,26,1,"RIJC030"
"454","235","P1",4.08443231,26,1,"RIJC208"
"455","235","P2",5.018162074,26,1,"RIJC208"
"456","235","P3",4.242436403,26,1,"RIJC208"
"457","236","P1",5.615016483,26,1,"RIJC224"
"458","236","P2",5.754089736,26,1,"RIJC224"
"459","236","P3",5.793730371,26,1,"RIJC224"
"460","237","P1",4.02095345,26,1,"TM8"
"461","237","P2",4.681632497,26,1,"TM8"
"462","237","P3",4.462506668,26,1,"TM8"
"463","238","P1",3.874230617,26,1,"RIJC079"
"464","238","P2",4.786747298,26,1,"RIJC079"
"465","238","P3",6.101755598,26,1,"RIJC079"
"466","239","P1",5.326740252,26,1,"RIJC206"
"467","239","P2",6.090462991,26,1,"RIJC206"
"468","239","P3",4.861574051,26,1,"RIJC206"
"469","24","P1",4.662352842,25,1,"JAM"
"470","24","P2",4.493282961,25,1,"JAM"
"471","24","P3",4.507166487,25,1,"JAM"
"472","240","P1",5.678457724,26,1,"RIJC331"
"473","240","P2",5.633106858,26,1,"RIJC331"
"474","240","P3",5.892622643,26,1,"RIJC331"
"475","241","P1",5.137938908,28,2,"RIJC331"
"476","241","P2",6.339734125,28,2,"RIJC331"
"477","241","P3",6.314330362,28,2,"RIJC331"
"478","242","P1",6.026747406,28,2,"CAL"
"479","242","P2",6.819809274,28,2,"CAL"
"480","242","P3",6.23757095,28,2,"CAL"
"481","243","P1",5.11006852,28,2,"RIJC004"
"482","243","P2",5.015291028,28,2,"RIJC004"
"483","243","P3",4.81166652,28,2,"RIJC004"
"484","244","P1",5.956238081,28,2,"RIJC079"
"485","244","P2",5.685745471,28,2,"RIJC079"
"486","244","P3",4.364066141,28,2,"RIJC079"
"487","245","P1",5.63648864,28,2,"RIJC136"
"488","245","P2",3.029569811,28,2,"RIJC136"
"489","245","P3",2.809099052,28,2,"RIJC136"
"490","246","P1",6.02095345,28,2,"RIJC147"
"491","246","P2",7.822238798,28,2,"RIJC147"
"492","246","P3",4.336781761,28,2,"RIJC147"
"493","247","P1",5.449660287,28,2,"RIJC337"
"494","247","P2",5.512587205,28,2,"RIJC337"
"495","247","P3",5.390356115,28,2,"RIJC337"
"496","248","P1",3.617359389,28,2,"RIJC241"
"497","248","P2",4.779415431,28,2,"RIJC241"
"498","248","P3",3.882833092,28,2,"RIJC241"
"499","249","P1",5.374812499,28,2,"RIJC367"
"500","249","P2",4.649532195,28,2,"RIJC367"
"501","249","P3",3.070052959,28,2,"RIJC367"
"502","25","P1",5.036970261,25,1,"RIJC243"
"503","25","P2",4.173931015,25,1,"RIJC243"
"504","25","P3",4.514954503,25,1,"RIJC243"
"505","250","P1",2.811834197,28,2,"RIJC019"
"506","250","P2",3.205259326,28,2,"RIJC019"
"507","250","P3",3.460185736,28,2,"RIJC019"
"508","251","P1",3.756470797,28,2,"RIJC235"
"509","251","P2",3.888281396,28,2,"RIJC235"
"510","251","P3",4.550773014,28,2,"RIJC235"
"511","252","P1",4.376936058,28,2,"RIJC335"
"512","252","P2",4.137938908,28,2,"RIJC335"
"513","252","P3",5.779415431,28,2,"RIJC335"
"514","253","P1",5.588602504,28,2,"RIJC208"
"515","253","P2",5.212509963,28,2,"RIJC208"
"516","253","P3",5.724830143,28,2,"RIJC208"
"517","254","P1",6.026747406,28,2,"RIJC205"
"518","254","P2",4.222668024,28,2,"RIJC205"
"519","254","P3",4.419724669,28,2,"RIJC205"
"520","255","P1",6.295245625,28,2,"CAL"
"521","255","P2",5.847016829,28,2,"CAL"
"522","255","P3",5.550773014,28,2,"CAL"
"523","256","P1",4.642885906,28,2,"RIJC045"
"524","256","P2",2.543362225,28,2,"RIJC045"
"525","256","P3",3.736442455,28,2,"RIJC045"
"526","257","P1",5.499101386,28,2,"RIJC348"
"527","257","P2",4.621024256,28,2,"RIJC348"
"528","257","P3",3.195271686,28,2,"RIJC348"
"529","258","P1",3.615412503,28,2,"RIJC070"
"530","258","P2",3.487808046,28,2,"RIJC070"
"531","258","P3",4.173931015,28,2,"RIJC070"
"532","259","P1",4.896934528,28,2,"TM6"
"533","259","P2",5.767627067,28,2,"TM6"
"534","259","P3",4.842901456,28,2,"TM6"
"535","26","P1",4.268584118,25,1,"RIJC237"
"536","26","P2",3.738760087,25,1,"RIJC237"
"537","26","P3",3.931722395,25,1,"RIJC237"
"538","260","P1",6.067325767,28,2,"RIJC142"
"539","260","P2",4.280714713,28,2,"RIJC142"
"540","260","P3",5.434496712,28,2,"RIJC142"
"541","261","P1",4.713577869,28,2,"RIJC232"
"542","261","P2",4.190788395,28,2,"RIJC232"
"543","261","P3",3.596211331,28,2,"RIJC232"
"544","262","P1",6.665264235,28,2,"RIJC020"
"545","262","P2",8.298616761,28,2,"RIJC020"
"546","262","P3",8.036970261,28,2,"RIJC020"
"547","263","P1",4.935628692,28,2,"RIJC373"
"548","263","P2",4.543959311,28,2,"RIJC373"
"549","263","P3",6.319826428,28,2,"RIJC373"
"550","264","P1",5.26965686,28,2,"RIJC250"
"551","264","P2",4.888884577,28,2,"RIJC250"
"552","264","P3",5.267902098,28,2,"RIJC250"
"553","265","P1",5.165956233,28,2,"RIJC240"
"554","265","P2",5.295245625,28,2,"RIJC240"
"555","265","P3",5.767030859,28,2,"RIJC240"
"556","266","P1",3.876035374,28,2,"RIJC327"
"557","266","P2",5.02988959,28,2,"RIJC327"
"558","266","P3",4.810679502,28,2,"RIJC327"
"559","267","P1",5.290700614,28,2,"RIJC370"
"560","267","P2",3.626759891,28,2,"RIJC370"
"561","267","P3",3.410370584,28,2,"RIJC370"
"562","268","P1",5.570481502,28,2,"RIJC076"
"563","268","P2",5.463660707,28,2,"RIJC076"
"564","268","P3",4.493666808,28,2,"RIJC076"
"565","269","P1",5.194606128,28,2,"RIJC334"
"566","269","P2",5.863033709,28,2,"RIJC334"
"567","269","P3",5.729414932,28,2,"RIJC334"
"568","27","P1",5.063269761,25,1,"RIJC065"
"569","27","P2",6.534685359,25,1,"RIJC065"
"570","27","P3",5.337753822,25,1,"RIJC065"
"571","270","P1",3.611455538,28,2,"RIJC146"
"572","270","P2",4.603004815,28,2,"RIJC146"
"573","270","P3",4.84683388,28,2,"RIJC146"
"574","271","P1",5.589740491,28,2,"TM1"
"575","271","P2",5.023789469,28,2,"TM1"
"576","271","P3",6.179048239,28,2,"TM1"
"577","272","P1",6.822238798,28,2,"TM8"
"578","272","P2",6.748461233,28,2,"TM8"
"579","272","P3",5.942807632,28,2,"TM8"
"580","273","P1",5.035026479,28,2,"RIJC224"
"581","273","P2",5.54180203,28,2,"RIJC224"
"582","273","P3",2.11006852,28,2,"RIJC224"
"583","274","P1",5.569455934,28,2,"RIJC030"
"584","274","P2",4.10428694,28,2,"RIJC030"
"585","274","P3",4.172912525,28,2,"RIJC030"
"586","275","P1",6.320997677,28,2,"RIJC074"
"587","275","P2",3.72808172,28,2,"RIJC074"
"588","275","P3",6.065782959,28,2,"RIJC074"
"589","276","P1",4.711122222,28,2,"RIJC244"
"590","276","P2",5.063269761,28,2,"RIJC244"
"591","276","P3",5.695807079,28,2,"RIJC244"
"592","277","P1",6.16378366,28,2,"RIJC254"
"593","277","P2",5.184982436,28,2,"RIJC254"
"594","277","P3",6.470622283,28,2,"RIJC254"
"595","278","P1",5.584409506,28,2,"RIJC234"
"596","278","P2",6.969862962,28,2,"RIJC234"
"597","278","P3",6.395705054,28,2,"RIJC234"
"598","279","P1",7.12528218,28,2,"RIJC326"
"599","279","P2",6.292029674,28,2,"RIJC326"
"600","279","P3",6.465390366,28,2,"RIJC326"
"601","28","P1",5.115245961,25,1,"RIJC203"
"602","28","P2",4.779415431,25,1,"RIJC203"
"603","28","P3",3.841296708,25,1,"RIJC203"
"604","280","P1",5.402819771,28,2,"RIJC078"
"605","280","P2",6.745796617,28,2,"RIJC078"
"606","280","P3",7.566481979,28,2,"RIJC078"
"607","281","P1",6.429556264,28,2,"RIJC080"
"608","281","P2",6.23757095,28,2,"RIJC080"
"609","281","P3",7.02988959,28,2,"RIJC080"
"610","282","P1",7.015291028,28,2,"RIJC374"
"611","282","P2",5.235276578,28,2,"RIJC374"
"612","282","P3",6.247745864,28,2,"RIJC374"
"613","283","P1",5.367211219,28,2,"RIJC001"
"614","283","P2",6.845686509,28,2,"RIJC001"
"615","283","P3",6.323787581,28,2,"RIJC001"
"616","284","P1",8.67319246,28,2,"RIJC206"
"617","284","P2",7.041046827,28,2,"RIJC206"
"618","284","P3",7.153104931,28,2,"RIJC206"
"619","285","P1",5.750980322,28,2,"TM3"
"620","285","P2",5.823873102,28,2,"TM3"
"621","285","P3",5.117179414,28,2,"TM3"
"622","286","P1",8.12684698,28,2,"RIJC140"
"623","286","P2",7.66586742,28,2,"RIJC140"
"624","286","P3",7.212233939,28,2,"RIJC140"
"625","287","P1",6.259944068,28,2,"RIJC027"
"626","287","P2",7.02988959,28,2,"RIJC027"
"627","287","P3",5.655051876,28,2,"RIJC027"
"628","288","P1",6.612218139,28,2,"RIJC316"
"629","288","P2",6.696992124,28,2,"RIJC316"
"630","288","P3",7.348168887,28,2,"RIJC316"
"631","289","P1",6.101755598,28,2,"RIJC025"
"632","289","P2",5.295245625,28,2,"RIJC025"
"633","289","P3",6.689622149,28,2,"RIJC025"
"634","29","P1",3.564450547,25,1,"RIJC206"
"635","29","P2",3.754089736,25,1,"RIJC206"
"636","29","P3",3.351767004,25,1,"RIJC206"
"637","290","P1",8.588602504,28,2,"RIJC314"
"638","290","P2",8.226652394,28,2,"RIJC314"
"639","290","P3",8.874652447,28,2,"RIJC314"
"640","291","P1",7.473549846,28,2,"RIJC141"
"641","291","P2",7.041046827,28,2,"RIJC141"
"642","291","P3",7.525230153,28,2,"RIJC141"
"643","292","P1",6.233660904,28,2,"RIJC233"
"644","292","P2",6.249923745,28,2,"RIJC233"
"645","292","P3",6.051168272,28,2,"RIJC233"
"646","293","P1",7.478745852,28,2,"RIJC217"
"647","293","P2",7.378235399,28,2,"RIJC217"
"648","293","P3",6.701942801,28,2,"RIJC217"
"649","294","P1",5.346720094,28,2,"RIJC005"
"650","294","P2",6.042942866,28,2,"RIJC005"
"651","294","P3",6.036970261,28,2,"RIJC005"
"652","295","P1",7.11006852,28,2,"RIJC048"
"653","295","P2",6.942807632,28,2,"RIJC048"
"654","295","P3",7.348168887,28,2,"RIJC048"
"655","296","P1",6.621359003,28,2,"RIJC021"
"656","296","P2",5.92057266,28,2,"RIJC021"
"657","296","P3",6.51605948,28,2,"RIJC021"
"658","297","P1",7.231176892,28,2,"RIJC066"
"659","297","P2",7.958380121,28,2,"RIJC066"
"660","297","P3",7.716368979,28,2,"RIJC066"
"661","298","P1",7.227115614,28,2,"RIJC347"
"662","298","P2",8.226652394,28,2,"RIJC347"
"663","298","P3",7.439407945,28,2,"RIJC347"
"664","299","P1",7.274049473,28,2,"TM4"
"665","299","P2",9.156891066,28,2,"TM4"
"666","299","P3",8.085708293,28,2,"TM4"
"667","3","P1",4.503412185,25,1,"RIJC136"
"668","3","P2",4.873134627,25,1,"RIJC136"
"669","3","P3",4.503869473,25,1,"RIJC136"
"670","30","P1",5.544146317,25,1,"RIJC373"
"671","30","P2",3.930238555,25,1,"RIJC373"
"672","30","P3",5.307553842,25,1,"RIJC373"
"673","300","P1",5.537864199,28,2,"RIJC017"
"674","300","P2",5.955448644,28,2,"RIJC017"
"675","300","P3",6.375755616,28,2,"RIJC017"
"676","301","P1",5.390377281,28,2,"RIJC212"
"677","301","P2",6.247528206,28,2,"RIJC212"
"678","301","P3",8.416511862,28,2,"RIJC212"
"679","302","P1",8.397112105,28,2,"RIJC319"
"680","302","P2",9.676522228,28,2,"RIJC319"
"681","302","P3",7.429854005,28,2,"RIJC319"
"682","303","P1",8.417234769,28,2,"RIJC220"
"683","303","P2",8.544146317,28,2,"RIJC220"
"684","303","P3",8.02988959,28,2,"RIJC220"
"685","304","P1",5.940318307,28,2,"RIJC015"
"686","304","P2",6.398072604,28,2,"RIJC015"
"687","304","P3",5.02095345,28,2,"RIJC015"
"688","305","P1",4.707480689,28,2,"RIJC236"
"689","305","P2",5.290700614,28,2,"RIJC236"
"690","305","P3",4.606840365,28,2,"RIJC236"
"691","306","P1",4.485992796,28,2,"RIJC260"
"692","306","P2",3.557590405,28,2,"RIJC260"
"693","306","P3",5.940771718,28,2,"RIJC260"
"694","307","P1",7.911166219,28,2,"RIJC264"
"695","307","P2",8.225136123,28,2,"RIJC264"
"696","307","P3",8.272480432,28,2,"RIJC264"
"697","308","P1",5.051168272,28,2,"RIJC242"
"698","308","P2",5.387224756,28,2,"RIJC242"
"699","308","P3",5.642511098,28,2,"RIJC242"
"700","309","P1",8.055501778,28,2,"RIJC352"
"701","309","P2",7.331912466,28,2,"RIJC352"
"702","309","P3",7.227976658,28,2,"RIJC352"
"703","31","P1",NA,NA,1,"RIJC242"
"704","31","P2",NA,NA,1,"RIJC242"
"705","31","P3",NA,NA,1,"RIJC242"
"706","310","P1",5.298753533,28,2,"RIJC344"
"707","310","P2",6.506191291,28,2,"RIJC344"
"708","310","P3",5.130933629,28,2,"RIJC344"
"709","311","P1",7.932652065,28,2,"TM7"
"710","311","P2",8.056583528,28,2,"TM7"
"711","311","P3",8.168202431,28,2,"TM7"
"712","312","P1",6.727418004,28,2,"RIJC082"
"713","312","P2",6.568418505,28,2,"RIJC082"
"714","312","P3",7.375755616,28,2,"RIJC082"
"715","313","P1",7.416511862,28,2,"RIJC065"
"716","313","P2",7,28,2,"RIJC065"
"717","313","P3",6.07748392,28,2,"RIJC065"
"718","314","P1",5.794224209,28,2,"RIJC251"
"719","314","P2",5.235106797,28,2,"RIJC251"
"720","314","P3",5.303263029,28,2,"RIJC251"
"721","315","P1",5.53753971,28,2,"RIJC255"
"722","315","P2",4.610531638,28,2,"RIJC255"
"723","315","P3",5.657252044,28,2,"RIJC255"
"724","316","P1",6.067325767,28,2,"RIJC223"
"725","316","P2",5.313869722,28,2,"RIJC223"
"726","316","P3",5.617403486,28,2,"RIJC223"
"727","317","P1",5.015291028,28,2,"RIJC144"
"728","317","P2",5.403393341,28,2,"RIJC144"
"729","317","P3",4.434049729,28,2,"RIJC144"
"730","318","P1",5.296322379,28,2,"RIJC225"
"731","318","P2",5.346760085,28,2,"RIJC225"
"732","318","P3",5.657728344,28,2,"RIJC225"
"733","319","P1",5.810679502,28,2,"RIJC081"
"734","319","P2",7.706012388,28,2,"RIJC081"
"735","319","P3",5.718274453,28,2,"RIJC081"
"736","32","P1",3.713113786,25,1,"RIJC018"
"737","32","P2",3.593493373,25,1,"RIJC018"
"738","32","P3",3.76959185,25,1,"RIJC018"
"739","320","P1",6.808155959,28,2,"RIJC059"
"740","320","P2",6.70848736,28,2,"RIJC059"
"741","320","P3",6.892622643,28,2,"RIJC059"
"742","321","P1",5.769812696,28,2,"RIJC248"
"743","321","P2",6.443606651,28,2,"RIJC248"
"744","321","P3",7.331379633,28,2,"RIJC248"
"745","322","P1",7.397112105,28,2,"RIJC363"
"746","322","P2",5.26965686,28,2,"RIJC363"
"747","322","P3",7.671971096,28,2,"RIJC363"
"748","323","P1",6.363249569,28,2,"RIJC018"
"749","323","P2",5.345825049,28,2,"RIJC018"
"750","323","P3",5.740167731,28,2,"RIJC018"
"751","324","P1",4.070052959,28,2,"RIJC049"
"752","324","P2",5.900979909,28,2,"RIJC049"
"753","324","P3",4.936556067,28,2,"RIJC049"
"754","325","P1",6.861532689,28,2,"TM5"
"755","325","P2",7.954616189,28,2,"TM5"
"756","325","P3",7.67319246,28,2,"TM5"
"757","326","P1",5.156048724,28,2,"RIJC002"
"758","326","P2",4.76133967,28,2,"RIJC002"
"759","326","P3",5.771053792,28,2,"RIJC002"
"760","327","P1",4.721803326,28,2,"RIJC071"
"761","327","P2",6.971395469,28,2,"RIJC071"
"762","327","P3",5.126157859,28,2,"RIJC071"
"763","328","P1",5.834472223,28,2,"RIJC035"
"764","328","P2",6.40262893,28,2,"RIJC035"
"765","328","P3",5.089035953,28,2,"RIJC035"
"766","329","P1",7.26660727,28,2,"TM2"
"767","329","P2",6.91973995,28,2,"TM2"
"768","329","P3",6.067325767,28,2,"TM2"
"769","33","P1",NA,NA,1,"RIJC370"
"770","33","P2",NA,NA,1,"RIJC370"
"771","33","P3",NA,NA,1,"RIJC370"
"772","330","P1",5.564450547,28,2,"RIJC230"
"773","330","P2",6.156891066,28,2,"RIJC230"
"774","330","P3",5.326242003,28,2,"RIJC230"
"775","331","P1",4.215338279,28,2,"RIJC247"
"776","331","P2",5.078483741,28,2,"RIJC247"
"777","331","P3",5.966093923,28,2,"RIJC247"
"778","332","P1",4.855540403,28,2,"RIJC302"
"779","332","P2",4.639738513,28,2,"RIJC302"
"780","332","P3",5.617359389,28,2,"RIJC302"
"781","333","P1",5.711082107,28,2,"TM10"
"782","333","P2",7.067325767,28,2,"TM10"
"783","333","P3",6.651762287,28,2,"TM10"
"784","334","P1",5.67319246,28,2,"RIJC047"
"785","334","P2",5.813100467,28,2,"RIJC047"
"786","334","P3",6.090486517,28,2,"RIJC047"
"787","335","P1",5.908533251,28,2,"RIJC069"
"788","335","P2",6.407928101,28,2,"RIJC069"
"789","335","P3",5.10428694,28,2,"RIJC069"
"790","336","P1",4.710563987,28,2,"RIJC003"
"791","336","P2",5.602362899,28,2,"RIJC003"
"792","336","P3",5.015291028,28,2,"RIJC003"
"793","337","P1",3.761274209,28,2,"RIJC368"
"794","337","P2",4.015291028,28,2,"RIJC368"
"795","337","P3",5.015291028,28,2,"RIJC368"
"796","338","P1",5.963746371,28,2,"TM9"
"797","338","P2",5.375755616,28,2,"TM9"
"798","338","P3",4.965735941,28,2,"TM9"
"799","339","P1",5.945843033,28,2,"RIJC238"
"800","339","P2",5.889754418,28,2,"RIJC238"
"801","339","P3",6.02095345,28,2,"RIJC238"
"802","34","P1",4.604772797,25,1,"RIJC074"
"803","34","P2",5.12684698,25,1,"RIJC074"
"804","34","P3",4.113282753,25,1,"RIJC074"
"805","340","P1",3.929248639,28,2,"RIJC361"
"806","340","P2",4.015291028,28,2,"RIJC361"
"807","340","P3",3.557590405,28,2,"RIJC361"
"808","341","P1",4.326740252,28,2,"RIJC324"
"809","341","P2",4.418178702,28,2,"RIJC324"
"810","341","P3",4.023789469,28,2,"RIJC324"
"811","342","P1",3.53753971,28,2,"RIJC364"
"812","342","P2",3.015291028,28,2,"RIJC364"
"813","342","P3",3.127410948,28,2,"RIJC364"
"814","343","P1",4.83604159,28,2,"RIJC262"
"815","343","P2",4.865432533,28,2,"RIJC262"
"816","343","P3",4.968015197,28,2,"RIJC262"
"817","344","P1",5.207618043,28,2,"RIJC073"
"818","344","P2",8.052347564,28,2,"RIJC073"
"819","344","P3",7.698149489,28,2,"RIJC073"
"820","345","P1",5.638559138,28,2,"RIJC016"
"821","345","P2",5.166357821,28,2,"RIJC016"
"822","345","P3",5.04559481,28,2,"RIJC016"
"823","346","P1",3.72383061,28,2,"JAM"
"824","346","P2",3.8543232,28,2,"JAM"
"825","346","P3",5.906297793,28,2,"JAM"
"826","347","P1",4.514557746,28,2,"RIJC355"
"827","347","P2",3.882833092,28,2,"RIJC355"
"828","347","P3",3.830488183,28,2,"RIJC355"
"829","348","P1",5.407787714,28,2,"RIJC203"
"830","348","P2",5.715008323,28,2,"RIJC203"
"831","348","P3",4.782236816,28,2,"RIJC203"
"832","349","P1",4.593493373,28,2,"RIJC145"
"833","349","P2",5.117179414,28,2,"RIJC145"
"834","349","P3",5.771031405,28,2,"RIJC145"
"835","35","P1",NA,NA,1,"RIJC081"
"836","35","P2",NA,NA,1,"RIJC081"
"837","35","P3",NA,NA,1,"RIJC081"
"838","350","P1",6.235276578,28,2,"RIJC261"
"839","350","P2",4.929456819,28,2,"RIJC261"
"840","350","P3",4.971786952,28,2,"RIJC261"
"841","351","P1",6.615630878,28,2,"RIJC330"
"842","351","P2",5.929456819,28,2,"RIJC330"
"843","351","P3",7.147083257,28,2,"RIJC330"
"844","352","P1",5.231341798,28,2,"RIJC046"
"845","352","P2",6.724830143,28,2,"RIJC046"
"846","352","P3",5.51827606,28,2,"RIJC046"
"847","353","P1",5.930238555,28,2,"RIJC313"
"848","353","P2",5.065782959,28,2,"RIJC313"
"849","353","P3",5.142203774,28,2,"RIJC313"
"850","354","P1",4.688440907,28,2,"JAM"
"851","354","P2",3.929248639,28,2,"JAM"
"852","354","P3",4.190788395,28,2,"JAM"
"853","355","P1",5.90192365,28,2,"RIJC243"
"854","355","P2",5.015291028,28,2,"RIJC243"
"855","355","P3",5.588602504,28,2,"RIJC243"
"856","356","P1",4.079181246,28,2,"RIJC214"
"857","356","P2",5.49938707,28,2,"RIJC214"
"858","356","P3",4.944383888,28,2,"RIJC214"
"859","357","P1",4.74469449,28,2,"RIJC138"
"860","357","P2",5.967719376,28,2,"RIJC138"
"861","357","P3",5.822238798,28,2,"RIJC138"
"862","358","P1",6.74511534,28,2,"RIJC237"
"863","358","P2",5.12528218,28,2,"RIJC237"
"864","358","P3",2.902256846,28,2,"RIJC237"
"865","359","P1",4.688369605,28,2,"RIJC372"
"866","359","P2",5.012037922,28,2,"RIJC372"
"867","359","P3",4.887557282,28,2,"RIJC372"
"868","36","P1",NA,NA,1,"RIJC071"
"869","36","P2",NA,NA,1,"RIJC071"
"870","36","P3",NA,NA,1,"RIJC071"
"871","360","P1",5.147123206,28,2,"RIJC139"
"872","360","P2",5.12528218,28,2,"RIJC139"
"873","360","P3",6.226023968,28,2,"RIJC139"
"874","361","P1",5.533795437,28,2,"RIJC001"
"875","361","P2",5.070052959,28,2,"RIJC001"
"876","361","P3",NA,28,2,"RIJC001"
"877","362","P1",NA,28,2,"RIJC045"
"878","362","P2",6.750994853,28,2,"RIJC045"
"879","362","P3",5.344918475,28,2,"RIJC045"
"880","363","P1",6.255989642,28,2,"RIJC212"
"881","363","P2",5.737776359,28,2,"RIJC212"
"882","363","P3",6.179048239,28,2,"RIJC212"
"883","364","P1",7.878314044,28,2,"RIJC020"
"884","364","P2",7.620759673,28,2,"RIJC020"
"885","364","P3",8.179048239,28,2,"RIJC020"
"886","365","P1",5.52751139,28,2,"RIJC223"
"887","365","P2",6.346644884,28,2,"RIJC223"
"888","365","P3",6.203683156,28,2,"RIJC223"
"889","366","P1",5.913839669,28,2,"RIJC142"
"890","366","P2",6.521242546,28,2,"RIJC142"
"891","366","P3",6.886719266,28,2,"RIJC142"
"892","367","P1",5.220634198,28,2,"RIJC251"
"893","367","P2",5.710861822,28,2,"RIJC251"
"894","367","P3",NA,28,2,"RIJC251"
"895","368","P1",8.865722492,28,2,"RIJC082"
"896","368","P2",8.963302959,28,2,"RIJC082"
"897","368","P3",8.251259089,28,2,"RIJC082"
"898","369","P1",7.307553842,28,2,"TM10"
"899","369","P2",6.073568795,28,2,"TM10"
"900","369","P3",5.878314044,28,2,"TM10"
"901","37","P1",3.837562044,25,1,"RIJC142"
"902","37","P2",4.255989642,25,1,"RIJC142"
"903","37","P3",4.279859082,25,1,"RIJC142"
"904","370","P1",4.756719942,28,2,"RIJC234"
"905","370","P2",5.529231,28,2,"RIJC234"
"906","370","P3",4.791815861,28,2,"RIJC234"
"907","371","P1",3.740008561,28,2,"RIJC355"
"908","371","P2",5.227976658,28,2,"RIJC355"
"909","371","P3",3.686968393,28,2,"RIJC355"
"910","372","P1",4.566207283,28,2,"RIJC370"
"911","372","P2",4.581402679,28,2,"RIJC370"
"912","372","P3",6.284669747,28,2,"RIJC370"
"913","373","P1",4.368981648,28,2,"RIJC003"
"914","373","P2",4.368710521,28,2,"RIJC003"
"915","373","P3",6.704629075,28,2,"RIJC003"
"916","374","P1",7.206449571,28,2,"RIJC080"
"917","374","P2",7.340307744,28,2,"RIJC080"
"918","374","P3",6.326242003,28,2,"RIJC080"
"919","375","P1",5.765368933,28,2,"RIJC138"
"920","375","P2",5.647908708,28,2,"RIJC138"
"921","375","P3",6.351345213,28,2,"RIJC138"
"922","376","P1",7.552730246,28,2,"RIJC373"
"923","376","P2",7.598494608,28,2,"RIJC373"
"924","376","P3",6.908125215,28,2,"RIJC373"
"925","377","P1",6.491979597,28,2,"RIJC244"
"926","377","P2",5.492736509,28,2,"RIJC244"
"927","377","P3",6.364066141,28,2,"RIJC244"
"928","378","P1",6.897958852,28,2,"RIJC141"
"929","378","P2",5.972160566,28,2,"RIJC141"
"930","378","P3",5.415860364,28,2,"RIJC141"
"931","379","P1",6.633106858,28,2,"RIJC243"
"932","379","P2",7.139399369,28,2,"RIJC243"
"933","379","P3",6.813865611,28,2,"RIJC243"
"934","38","P1",5.959027778,25,1,"RIJC224"
"935","38","P2",5.601255797,25,1,"RIJC224"
"936","38","P3",5.473367519,25,1,"RIJC224"
"937","380","P1",6.789551376,28,2,"TM6"
"938","380","P2",7.277317632,28,2,"TM6"
"939","380","P3",6.737796497,28,2,"TM6"
"940","381","P1",4.444701394,28,2,"RIJC247"
"941","381","P2",4.51605948,28,2,"RIJC247"
"942","381","P3",5.32387287,28,2,"RIJC247"
"943","382","P1",5.694193217,28,2,"RIJC076"
"944","382","P2",5.312860336,28,2,"RIJC076"
"945","382","P3",6.730845145,28,2,"RIJC076"
"946","383","P1",4.235459615,28,2,"RIJC049"
"947","383","P2",4.775969609,28,2,"RIJC049"
"948","383","P3",5.945762225,28,2,"RIJC049"
"949","384","P1",6.196582995,28,2,"RIJC335"
"950","384","P2",6.402819771,28,2,"RIJC335"
"951","384","P3",6.474975117,28,2,"RIJC335"
"952","385","P1",6.712444096,28,2,"TM8"
"953","385","P2",7.818912089,28,2,"TM8"
"954","385","P3",7.226652394,28,2,"TM8"
"955","386","P1",7.472226461,28,2,"RIJC232"
"956","386","P2",6.31364045,28,2,"RIJC232"
"957","386","P3",7.115245961,28,2,"RIJC232"
"958","387","P1",7.726342552,28,2,"RIJC330"
"959","387","P2",5.905421324,28,2,"RIJC330"
"960","387","P3",7.633106858,28,2,"RIJC330"
"961","388","P1",6.677184883,28,2,"RIJC316"
"962","388","P2",6.919184175,28,2,"RIJC316"
"963","388","P3",7.274447891,28,2,"RIJC316"
"964","389","P1",5.435096754,28,2,"RIJC217"
"965","389","P2",5.251259089,28,2,"RIJC217"
"966","389","P3",5.575716642,28,2,"RIJC217"
"967","39","P1",4.727149927,25,1,"RIJC230"
"968","39","P2",3.935628692,25,1,"RIJC230"
"969","39","P3",4.948472567,25,1,"RIJC230"
"970","390","P1",5.435096754,28,2,"RIJC237"
"971","390","P2",8.548808604,28,2,"RIJC237"
"972","390","P3",6.681227978,28,2,"RIJC237"
"973","391","P1",5.503869473,28,2,"RIJC025"
"974","391","P2",4.930993267,28,2,"RIJC025"
"975","391","P3",6.268723667,28,2,"RIJC025"
"976","392","P1",6.832851406,28,2,"RIJC260"
"977","392","P2",6.617359389,28,2,"RIJC260"
"978","392","P3",5.543959311,28,2,"RIJC260"
"979","393","P1",8.121296762,28,2,"RIJC319"
"980","393","P2",7.810679502,28,2,"RIJC319"
"981","393","P3",7.453784181,28,2,"RIJC319"
"982","394","P1",6.491186305,28,2,"RIJC030"
"983","394","P2",6.61849673,28,2,"RIJC030"
"984","394","P3",7.348168887,28,2,"RIJC030"
"985","395","P1",6.917189553,28,2,"RIJC047"
"986","395","P2",6.765368933,28,2,"RIJC047"
"987","395","P3",6.512013692,28,2,"RIJC047"
"988","396","P1",7.040303393,28,2,"RIJC331"
"989","396","P2",7.179048239,28,2,"RIJC331"
"990","396","P3",6.568418505,28,2,"RIJC331"
"991","397","P1",6.752843893,28,2,"RIJC225"
"992","397","P2",6.057011273,28,2,"RIJC225"
"993","397","P3",5.653464599,28,2,"RIJC225"
"994","398","P1",4.794224209,28,2,"RIJC262"
"995","398","P2",4,28,2,"RIJC262"
"996","398","P3",4.65868559,28,2,"RIJC262"
"997","399","P1",6.173931015,28,2,"RIJC002"
"998","399","P2",6.932427276,28,2,"RIJC002"
"999","399","P3",6.418564989,28,2,"RIJC002"
"1000","4","P1",4.722057368,25,1,"RIJC048"
"1001","4","P2",4.525722633,25,1,"RIJC048"
"1002","4","P3",4.02988959,25,1,"RIJC048"
"1003","40","P1",4.418178702,25,1,"RIJC347"
"1004","40","P2",4.404214961,25,1,"RIJC347"
"1005","40","P3",4.651631515,25,1,"RIJC347"
"1006","400","P1",7.544146317,28,2,"RIJC145"
"1007","400","P2",6.767956446,28,2,"RIJC145"
"1008","400","P3",7.849717404,28,2,"RIJC145"
"1009","401","P1",6.561541513,28,2,"RIJC233"
"1010","401","P2",6.945428916,28,2,"RIJC233"
"1011","401","P3",7.928646511,28,2,"RIJC233"
"1012","402","P1",8.295245625,28,2,"RIJC139"
"1013","402","P2",8.426187121,28,2,"RIJC139"
"1014","402","P3",7.732479348,28,2,"RIJC139"
"1015","403","P1",6.371807696,28,2,"RIJC203"
"1016","403","P2",6.521590594,28,2,"RIJC203"
"1017","403","P3",5.642885906,28,2,"RIJC203"
"1018","404","P1",6.351345213,28,2,"RIJC140"
"1019","404","P2",6.767956446,28,2,"RIJC140"
"1020","404","P3",5.705583491,28,2,"RIJC140"
"1021","405","P1",9.251259089,28,2,"RIJC220"
"1022","405","P2",8.162857925,28,2,"RIJC220"
"1023","405","P3",9.070052959,28,2,"RIJC220"
"1024","406","P1",6.808155959,28,2,"RIJC147"
"1025","406","P2",6.769812696,28,2,"RIJC147"
"1026","406","P3",6.303263029,28,2,"RIJC147"
"1027","407","P1",5.965735941,28,2,"RIJC327"
"1028","407","P2",5.970771642,28,2,"RIJC327"
"1029","407","P3",6.755127857,28,2,"RIJC327"
"1030","408","P1",7.502164617,28,2,"RIJC334"
"1031","408","P2",7.602362899,28,2,"RIJC334"
"1032","408","P3",7.715008323,28,2,"RIJC334"
"1033","409","P1",5.292238644,28,2,"RIJC015"
"1034","409","P2",6.429556264,28,2,"RIJC015"
"1035","409","P3",5.360749824,28,2,"RIJC015"
"1036","41","P1",NA,NA,1,"RIJC236"
"1037","41","P2",NA,NA,1,"RIJC236"
"1038","41","P3",NA,NA,1,"RIJC236"
"1039","410","P1",5.348596857,28,2,"RIJC081"
"1040","410","P2",5.61035721,28,2,"RIJC081"
"1041","410","P3",5.886719266,28,2,"RIJC081"
"1042","411","P1",5.492736509,28,2,"RIJC017"
"1043","411","P2",5.417537002,28,2,"RIJC017"
"1044","411","P3",4.177265371,28,2,"RIJC017"
"1045","412","P1",4.194555112,28,2,"RIJC235"
"1046","412","P2",4.209061955,28,2,"RIJC235"
"1047","412","P3",5.424921309,28,2,"RIJC235"
"1048","413","P1",6.757799649,28,2,"RIJC070"
"1049","413","P2",5.776871233,28,2,"RIJC070"
"1050","413","P3",6.390377281,28,2,"RIJC070"
"1051","414","P1",6.569303562,28,2,"RIJC248"
"1052","414","P2",6.147469267,28,2,"RIJC248"
"1053","414","P3",6.820079864,28,2,"RIJC248"
"1054","415","P1",6.940318307,28,2,"RIJC326"
"1055","415","P2",5.662029107,28,2,"RIJC326"
"1056","415","P3",5.855540403,28,2,"RIJC326"
"1057","416","P1",6.251685069,28,2,"RIJC324"
"1058","416","P2",6.376001343,28,2,"RIJC324"
"1059","416","P3",6.151433285,28,2,"RIJC324"
"1060","417","P1",6.705894887,28,2,"RIJC066"
"1061","417","P2",6.336781761,28,2,"RIJC066"
"1062","417","P3",6.576241521,28,2,"RIJC066"
"1063","418","P1",8.144556613,28,2,"CAL"
"1064","418","P2",6.78335832,28,2,"CAL"
"1065","418","P3",7.685745471,28,2,"CAL"
"1066","419","P1",6.793730371,28,2,"RIJC240"
"1067","419","P2",5.507166487,28,2,"RIJC240"
"1068","419","P3",5.363249569,28,2,"RIJC240"
"1069","42","P1",3.967719376,25,1,"RIJC145"
"1070","42","P2",5.190788395,25,1,"RIJC145"
"1071","42","P3",4.872587359,25,1,"RIJC145"
"1072","420","P1",6.564450547,28,2,"RIJC241"
"1073","420","P2",5.678520488,28,2,"RIJC241"
"1074","420","P3",6.294843002,28,2,"RIJC241"
"1075","421","P1",7.094904641,28,2,"RIJC048"
"1076","421","P2",7.162426566,28,2,"RIJC048"
"1077","421","P3",6.958380121,28,2,"RIJC048"
"1078","422","P1",8.44238495,28,2,"RIJC069"
"1079","422","P2",8.081749366,28,2,"RIJC069"
"1080","422","P3",8.568418505,28,2,"RIJC069"
"1081","423","P1",6.32319437,28,2,"RIJC214"
"1082","423","P2",6.49938707,28,2,"RIJC214"
"1083","423","P3",6.815365352,28,2,"RIJC214"
"1084","424","P1",7.331912466,28,2,"RIJC027"
"1085","424","P2",7.945762225,28,2,"RIJC027"
"1086","424","P3",7.085708293,28,2,"RIJC027"
"1087","425","P1",7.467646949,28,2,"TM4"
"1088","425","P2",7.641484896,28,2,"TM4"
"1089","425","P3",7.473367519,28,2,"TM4"
"1090","426","P1",8.314330362,28,2,"RIJC264"
"1091","426","P2",8.07748392,28,2,"RIJC264"
"1092","426","P3",7.562735378,28,2,"RIJC264"
"1093","427","P1",NA,28,2,"RIJC205"
"1094","427","P2",7.483293479,28,2,"RIJC205"
"1095","427","P3",6.939374936,28,2,"RIJC205"
"1096","428","P1",6.969862962,28,2,"RIJC367"
"1097","428","P2",6.92201484,28,2,"RIJC367"
"1098","428","P3",6.44422046,28,2,"RIJC367"
"1099","429","P1",NA,28,2,"RIJC255"
"1100","429","P2",5.76628585,28,2,"RIJC255"
"1101","429","P3",4.773057771,28,2,"RIJC255"
"1102","43","P1",3.686513265,25,1,"RIJC234"
"1103","43","P2",3.179048239,25,1,"RIJC234"
"1104","43","P3",3.802035662,25,1,"RIJC234"
"1105","430","P1",5.938379269,28,2,"TM5"
"1106","430","P2",5.593493373,28,2,"TM5"
"1107","430","P3",5.799964366,28,2,"TM5"
"1108","431","P1",6.137938908,28,2,"RIJC238"
"1109","431","P2",6.478312563,28,2,"RIJC238"
"1110","431","P3",6.705583491,28,2,"RIJC238"
"1111","432","P1",5.585835066,28,2,"RIJC230"
"1112","432","P2",5.194606128,28,2,"RIJC230"
"1113","432","P3",5.462388545,28,2,"RIJC230"
"1114","433","P1",6.560361703,28,2,"RIJC352"
"1115","433","P2",6.779415431,28,2,"RIJC352"
"1116","433","P3",6.535026479,28,2,"RIJC352"
"1117","434","P1",7.296322379,28,2,"RIJC073"
"1118","434","P2",6.390795491,28,2,"RIJC073"
"1119","434","P3",7.198977847,28,2,"RIJC073"
"1120","435","P1",6.397112105,28,2,"RIJC146"
"1121","435","P2",7.11006852,28,2,"RIJC146"
"1122","435","P3",6.263034406,28,2,"RIJC146"
"1123","436","P1",6.147123206,28,2,"RIJC261"
"1124","436","P2",5.882001216,28,2,"RIJC261"
"1125","436","P3",5.462506668,28,2,"RIJC261"
"1126","437","P1",5.796885986,28,2,"RIJC374"
"1127","437","P2",6.397112105,28,2,"RIJC374"
"1128","437","P3",5.796885986,28,2,"RIJC374"
"1129","438","P1",5.821878873,28,2,"RIJC254"
"1130","438","P2",6.457786464,28,2,"RIJC254"
"1131","438","P3",6.352314538,28,2,"RIJC254"
"1132","439","P1",6.390146665,28,2,"RIJC035"
"1133","439","P2",6.529119712,28,2,"RIJC035"
"1134","439","P3",NA,28,2,"RIJC035"
"1135","44","P1",4.692532595,25,1,"RIJC255"
"1136","44","P2",5.130987545,25,1,"RIJC255"
"1137","44","P3",4.688369605,25,1,"RIJC255"
"1138","440","P1",8.101755598,28,2,"TM1"
"1139","440","P2",8.101755598,28,2,"TM1"
"1140","440","P3",7.023789469,28,2,"TM1"
"1141","441","P1",6.761622546,28,2,"RIJC046"
"1142","441","P2",6.732091359,28,2,"RIJC046"
"1143","441","P3",5.799896665,28,2,"RIJC046"
"1144","442","P1",4.226023968,28,2,"RIJC019"
"1145","442","P2",4.339035953,28,2,"RIJC019"
"1146","442","P3",4.831176421,28,2,"RIJC019"
"1147","443","P1",5.080782867,28,2,"RIJC021"
"1148","443","P2",4.722706232,28,2,"RIJC021"
"1149","443","P3",5.613113993,28,2,"RIJC021"
"1150","444","P1",6.821878873,28,2,"RIJC136"
"1151","444","P2",7.479190061,28,2,"RIJC136"
"1152","444","P3",6.535026479,28,2,"RIJC136"
"1153","445","P1",7.165956233,28,2,"TM3"
"1154","445","P2",6.397112105,28,2,"TM3"
"1155","445","P3",5.023789469,28,2,"TM3"
"1156","446","P1",NA,28,2,"JAM"
"1157","446","P2",6.889556297,28,2,"JAM"
"1158","446","P3",6.165956233,28,2,"JAM"
"1159","447","P1",6.444701394,28,2,"RIJC005"
"1160","447","P2",5.390795491,28,2,"RIJC005"
"1161","447","P3",5.390377281,28,2,"RIJC005"
"1162","448","P1",5.802772552,28,2,"RIJC071"
"1163","448","P2",6.268584118,28,2,"RIJC071"
"1164","448","P3",5.041046827,28,2,"RIJC071"
"1165","449","P1",5.779415431,28,2,"RIJC361"
"1166","449","P2",5.239223167,28,2,"RIJC361"
"1167","449","P3",5.04559481,28,2,"RIJC361"
"1168","45","P1",4.771053792,25,1,"RIJC138"
"1169","45","P2",4.791815861,25,1,"RIJC138"
"1170","45","P3",5.113282753,25,1,"RIJC138"
"1171","450","P1",6.568418505,28,2,"RIJC302"
"1172","450","P2",7.301029996,28,2,"RIJC302"
"1173","450","P3",6.132985156,28,2,"RIJC302"
"1174","451","P1",7.165956233,28,2,"RIJC065"
"1175","451","P2",5.756470797,28,2,"RIJC065"
"1176","451","P3",7.512941595,28,2,"RIJC065"
"1177","452","P1",6.165956233,28,2,"RIJC337"
"1178","452","P2",5.758119147,28,2,"RIJC337"
"1179","452","P3",5.662352842,28,2,"RIJC337"
"1180","453","P1",5.756470797,28,2,"RIJC144"
"1181","453","P2",6.479190061,28,2,"RIJC144"
"1182","453","P3",5.390795491,28,2,"RIJC144"
"1183","454","P1",5.101755598,28,2,"RIJC078"
"1184","454","P2",5.66839088,28,2,"RIJC078"
"1185","454","P3",6.073568795,28,2,"RIJC078"
"1186","455","P1",4.165956233,28,2,"RIJC018"
"1187","455","P2",5.575716642,28,2,"RIJC018"
"1188","455","P3",4.810679502,28,2,"RIJC018"
"1189","456","P1",5.430676558,28,2,"RIJC364"
"1190","456","P2",4.390795491,28,2,"RIJC364"
"1191","456","P3",5.339035953,28,2,"RIJC364"
"1192","457","P1",7.165956233,28,2,"TM9"
"1193","457","P2",6.02988959,28,2,"TM9"
"1194","457","P3",6.165956233,28,2,"TM9"
"1195","458","P1",6.181721493,28,2,"RIJC208"
"1196","458","P2",6.589102085,28,2,"RIJC208"
"1197","458","P3",5.437596408,28,2,"RIJC208"
"1198","459","P1",6.165956233,28,2,"RIJC016"
"1199","459","P2",4.653464599,28,2,"RIJC016"
"1200","459","P3",NA,28,2,"RIJC016"
"1201","46","P1",4.695807079,25,1,"RIJC045"
"1202","46","P2",4.460185736,25,1,"RIJC045"
"1203","46","P3",4.941213602,25,1,"RIJC045"
"1204","460","P1",4.247745864,28,2,"RIJC079"
"1205","460","P2",5.165956233,28,2,"RIJC079"
"1206","460","P3",4.430676558,28,2,"RIJC079"
"1207","461","P1",5.756470797,28,2,"RIJC074"
"1208","461","P2",NA,28,2,"RIJC074"
"1209","461","P3",5.350602983,28,2,"RIJC074"
"1210","462","P1",6.339035953,28,2,"TM7"
"1211","462","P2",6.756470797,28,2,"TM7"
"1212","462","P3",6.165956233,28,2,"TM7"
"1213","463","P1",5.799896665,28,2,"RIJC206"
"1214","463","P2",5.479190061,28,2,"RIJC206"
"1215","463","P3",5.631517203,28,2,"RIJC206"
"1216","464","P1",6.756470797,28,2,"RIJC363"
"1217","464","P2",5.165956233,28,2,"RIJC363"
"1218","464","P3",6.101755598,28,2,"RIJC363"
"1219","465","P1",6.041046827,28,2,"RIJC344"
"1220","465","P2",5.549283913,28,2,"RIJC344"
"1221","465","P3",6.535026479,28,2,"RIJC344"
"1222","466","P1",6.041046827,28,2,"RIJC224"
"1223","466","P2",6.339035953,28,2,"RIJC224"
"1224","466","P3",6.418178702,28,2,"RIJC224"
"1225","467","P1",5.339035953,28,2,"RIJC368"
"1226","467","P2",4.104419235,28,2,"RIJC368"
"1227","467","P3",4.606840365,28,2,"RIJC368"
"1228","468","P1",6.766466898,28,2,"CAL"
"1229","468","P2",NA,28,2,"CAL"
"1230","468","P3",7.190128141,28,2,"CAL"
"1231","469","P1",5.712444096,28,2,"RIJC347"
"1232","469","P2",4.821878873,28,2,"RIJC347"
"1233","469","P3",4.810679502,28,2,"RIJC347"
"1234","47","P1",2.799964366,25,1,"RIJC355"
"1235","47","P2",2.572523614,25,1,"RIJC355"
"1236","47","P3",3.44422046,25,1,"RIJC355"
"1237","470","P1",5.796885986,28,2,"RIJC314"
"1238","470","P2",6.7990164,28,2,"RIJC314"
"1239","470","P3",5.796885986,28,2,"RIJC314"
"1240","471","P1",7.16040538,28,2,"TM2"
"1241","471","P2",7.172912525,28,2,"TM2"
"1242","471","P3",6.484059625,28,2,"TM2"
"1243","472","P1",3.851640912,28,2,"RIJC236"
"1244","472","P2",2.851640912,28,2,"RIJC236"
"1245","472","P3",6.165956233,28,2,"RIJC236"
"1246","473","P1",5.165956233,28,2,"RIJC372"
"1247","473","P2",5.821878873,28,2,"RIJC372"
"1248","473","P3",5.181721493,28,2,"RIJC372"
"1249","474","P1",6.096381089,28,2,"RIJC242"
"1250","474","P2",NA,28,2,"RIJC242"
"1251","474","P3",NA,28,2,"RIJC242"
"1252","475","P1",NA,28,2,"RIJC004"
"1253","475","P2",4.575716642,28,2,"RIJC004"
"1254","475","P3",5.631517203,28,2,"RIJC004"
"1255","476","P1",5.678071905,28,2,"JAM"
"1256","476","P2",5.724830143,28,2,"JAM"
"1257","476","P3",6.716368979,28,2,"JAM"
"1258","477","P1",4.839035953,28,2,"RIJC348"
"1259","477","P2",4.26751324,28,2,"RIJC348"
"1260","477","P3",6.326875453,28,2,"RIJC348"
"1261","478","P1",7.430676558,28,2,"RIJC313"
"1262","478","P2",6.83392102,28,2,"RIJC313"
"1263","478","P3",7.339035953,28,2,"RIJC313"
"1264","479","P1",7.190128141,28,2,"RIJC059"
"1265","479","P2",7.429854005,28,2,"RIJC059"
"1266","479","P3",8.041046827,28,2,"RIJC059"
"1267","48","P1",3.314061981,25,1,"RIJC080"
"1268","48","P2",3.611700256,25,1,"RIJC080"
"1269","48","P3",3.411343367,25,1,"RIJC080"
"1270","480","P1",5.869104678,28,2,"RIJC250"
"1271","480","P2",6.10428694,28,2,"RIJC250"
"1272","480","P3",5.151433285,28,2,"RIJC250"
"1273","49","P1",4.734383899,25,1,"RIJC319"
"1274","49","P2",4.961864336,25,1,"RIJC319"
"1275","49","P3",4.552730246,25,1,"RIJC319"
"1276","5","P1",3.831661928,25,1,"RIJC247"
"1277","5","P2",3.576080795,25,1,"RIJC247"
"1278","5","P3",3.44422046,25,1,"RIJC247"
"1279","50","P1",3.890358025,25,1,"RIJC232"
"1280","50","P2",4.86840513,25,1,"RIJC232"
"1281","50","P3",4.40262893,25,1,"RIJC232"
"1282","51","P1",5.194606128,25,1,"RIJC082"
"1283","51","P2",4.966775337,25,1,"RIJC082"
"1284","51","P3",4.40262893,25,1,"RIJC082"
"1285","52","P1",4.764721675,25,1,"RIJC147"
"1286","52","P2",3.905421324,25,1,"RIJC147"
"1287","52","P3",3.44238495,25,1,"RIJC147"
"1288","53","P1",4.485697734,25,1,"RIJC260"
"1289","53","P2",4.968581137,25,1,"RIJC260"
"1290","53","P3",4.449046656,25,1,"RIJC260"
"1291","54","P1",5.521242546,25,1,"RIJC212"
"1292","54","P2",6.094904641,25,1,"RIJC212"
"1293","54","P3",5.181721493,25,1,"RIJC212"
"1294","55","P1",4.070052959,25,1,"RIJC070"
"1295","55","P2",4.397801191,25,1,"RIJC070"
"1296","55","P3",3.512587205,25,1,"RIJC070"
"1297","56","P1",3.789281469,25,1,"RIJC141"
"1298","56","P2",3.657252044,25,1,"RIJC141"
"1299","56","P3",4.231176892,25,1,"RIJC141"
"1300","57","P1",4.968015197,25,1,"RIJC205"
"1301","57","P2",4.645935892,25,1,"RIJC205"
"1302","57","P3",5.063269761,25,1,"RIJC205"
"1303","58","P1",3.525235957,25,1,"RIJC140"
"1304","58","P2",3.631621129,25,1,"RIJC140"
"1305","58","P3",3.671600492,25,1,"RIJC140"
"1306","59","P1",3.331379633,25,1,"RIJC331"
"1307","59","P2",4.226023968,25,1,"RIJC331"
"1308","59","P3",4.153104931,25,1,"RIJC331"
"1309","6","P1",3.626067675,25,1,"RIJC066"
"1310","6","P2",3.657252044,25,1,"RIJC066"
"1311","6","P3",4.065782959,25,1,"RIJC066"
"1312","60","P1",4.080782867,25,1,"RIJC049"
"1313","60","P2",4.361507482,25,1,"RIJC049"
"1314","60","P3",4.387224756,25,1,"RIJC049"
"1315","61","P1",3.320440467,25,1,"RIJC251"
"1316","61","P2",2.885744805,25,1,"RIJC251"
"1317","61","P3",3.299362257,25,1,"RIJC251"
"1318","62","P1",3.633106858,25,1,"RIJC372"
"1319","62","P2",3.864651452,25,1,"RIJC372"
"1320","62","P3",3.403393341,25,1,"RIJC372"
"1321","63","P1",NA,NA,1,"RIJC364"
"1322","63","P2",NA,NA,1,"RIJC364"
"1323","63","P3",NA,NA,1,"RIJC364"
"1324","64","P1",5.151433285,25,1,"TM9"
"1325","64","P2",5.21368073,25,1,"TM9"
"1326","64","P3",5.284669747,25,1,"TM9"
"1327","65","P1",4.456767309,25,1,"CAL"
"1328","65","P2",4.305592401,25,1,"CAL"
"1329","65","P3",4.583586783,25,1,"CAL"
"1330","66","P1",4.424921309,25,1,"RIJC016"
"1331","66","P2",4.057011273,25,1,"RIJC016"
"1332","66","P3",4.435096754,25,1,"RIJC016"
"1333","67","P1",3.972160566,25,1,"RIJC327"
"1334","67","P2",3.280735879,25,1,"RIJC327"
"1335","67","P3",3.623989103,25,1,"RIJC327"
"1336","68","P1",4.512587205,25,1,"RIJC046"
"1337","68","P2",4.601255797,25,1,"RIJC046"
"1338","68","P3",4.612566192,25,1,"RIJC046"
"1339","69","P1",5.302727496,25,1,"TM10"
"1340","69","P2",5.326740252,25,1,"TM10"
"1341","69","P3",5.177265371,25,1,"TM10"
"1342","7","P1",NA,NA,1,"RIJC019"
"1343","7","P2",NA,NA,1,"RIJC019"
"1344","7","P3",NA,NA,1,"RIJC019"
"1345","70","P1",3.865432533,25,1,"RIJC233"
"1346","70","P2",4.310218613,25,1,"RIJC233"
"1347","70","P3",4.045636319,25,1,"RIJC233"
"1348","71","P1",5.534685359,25,1,"RIJC316"
"1349","71","P2",5.92602673,25,1,"RIJC316"
"1350","71","P3",4.829444352,25,1,"RIJC316"
"1351","72","P1",5.738834799,25,1,"RIJC073"
"1352","72","P2",5.724830143,25,1,"RIJC073"
"1353","72","P3",5.794224209,25,1,"RIJC073"
"1354","73","P1",5.023789469,25,1,"TM5"
"1355","73","P2",4.968302319,25,1,"TM5"
"1356","73","P3",4.539146689,25,1,"TM5"
"1357","74","P1",5.207618043,25,1,"RIJC326"
"1358","74","P2",4.346538479,25,1,"RIJC326"
"1359","74","P3",4.381555127,25,1,"RIJC326"
"1360","75","P1",4.769812696,25,1,"RIJC027"
"1361","75","P2",5.090462991,25,1,"RIJC027"
"1362","75","P3",4.869642736,25,1,"RIJC027"
"1363","76","P1",5.177265371,25,1,"RIJC248"
"1364","76","P2",4.405683871,25,1,"RIJC248"
"1365","76","P3",5.136959066,25,1,"RIJC248"
"1366","77","P1",5.796885986,25,1,"RIJC069"
"1367","77","P2",5.478312563,25,1,"RIJC069"
"1368","77","P3",5.805522857,25,1,"RIJC069"
"1369","78","P1",3.873134627,25,1,"RIJC139"
"1370","78","P2",4.290700614,25,1,"RIJC139"
"1371","78","P3",4.026747406,25,1,"RIJC139"
"1372","79","P1",3.472413432,25,1,"RIJC348"
"1373","79","P2",4.461472519,25,1,"RIJC348"
"1374","79","P3",4.722706232,25,1,"RIJC348"
"1375","8","P1",4.682385958,25,1,"RIJC313"
"1376","8","P2",4.26751324,25,1,"RIJC313"
"1377","8","P3",4.557418544,25,1,"RIJC313"
"1378","80","P1",4.113282753,25,1,"RIJC262"
"1379","80","P2",3.937947866,25,1,"RIJC262"
"1380","80","P3",4.7599765,25,1,"RIJC262"
"1381","81","P1",4.452047937,25,1,"CAL"
"1382","81","P2",4.040303393,25,1,"CAL"
"1383","81","P3",4.204119983,25,1,"CAL"
"1384","82","P1",4.965365612,25,1,"RIJC330"
"1385","82","P2",5.299650121,25,1,"RIJC330"
"1386","82","P3",5.678457724,25,1,"RIJC330"
"1387","83","P1",3.763034406,25,1,"RIJC078"
"1388","83","P2",3.323786494,25,1,"RIJC078"
"1389","83","P3",4.173370215,25,1,"RIJC078"
"1390","84","P1",2.177317987,25,1,"RIJC335"
"1391","84","P2",3.365957288,25,1,"RIJC335"
"1392","84","P3",3.310581099,25,1,"RIJC335"
"1393","85","P1",4.243767533,25,1,"RIJC047"
"1394","85","P2",4.242436403,25,1,"RIJC047"
"1395","85","P3",4.645935892,25,1,"RIJC047"
"1396","86","P1",5.537168235,25,1,"RIJC264"
"1397","86","P2",4.678071905,25,1,"RIJC264"
"1398","86","P3",4.614502221,25,1,"RIJC264"
"1399","87","P1",3.691169189,25,1,"RIJC015"
"1400","87","P2",3.587870108,25,1,"RIJC015"
"1401","87","P3",3.344002436,25,1,"RIJC015"
"1402","88","P1",6.577400717,25,1,"RIJC020"
"1403","88","P2",6.552730246,25,1,"RIJC020"
"1404","88","P3",6.59530285,25,1,"RIJC020"
"1405","89","P1",3.837562044,25,1,"RIJC017"
"1406","89","P2",3.662352842,25,1,"RIJC017"
"1407","89","P3",3.569455934,25,1,"RIJC017"
"1408","9","P1",5.231176892,25,1,"TM3"
"1409","9","P2",4.251685069,25,1,"TM3"
"1410","9","P3",4.670526351,25,1,"TM3"
"1411","90","P1",3.539146689,25,1,"RIJC004"
"1412","90","P2",3.723287094,25,1,"RIJC004"
"1413","90","P3",2.936777181,25,1,"RIJC004"
"1414","91","P1",3.813100467,25,1,"RIJC374"
"1415","91","P2",2.366090013,25,1,"RIJC374"
"1416","91","P3",4.079181246,25,1,"RIJC374"
"1417","92","P1",3.83474939,25,1,"TM6"
"1418","92","P2",4.537168235,25,1,"TM6"
"1419","92","P3",3.617970401,25,1,"TM6"
"1420","93","P1",4.620759673,25,1,"RIJC225"
"1421","93","P2",4.397112105,25,1,"RIJC225"
"1422","93","P3",5.218023304,25,1,"RIJC225"
"1423","94","P1",5.04559481,25,1,"TM1"
"1424","94","P2",4.679936806,25,1,"TM1"
"1425","94","P3",4.767956446,25,1,"TM1"
"1426","95","P1",3.612292108,25,1,"RIJC002"
"1427","95","P2",3.790418615,25,1,"RIJC002"
"1428","95","P3",3.387224756,25,1,"RIJC002"
"1429","96","P1",3.45045398,25,1,"RIJC240"
"1430","96","P2",3.688369605,25,1,"RIJC240"
"1431","96","P3",2.789955751,25,1,"RIJC240"
"1432","97","P1",2.545243259,25,1,"TM8"
"1433","97","P2",3.724830143,25,1,"TM8"
"1434","97","P3",3.352546996,25,1,"TM8"
"1435","98","P1",3.594877672,25,1,"RIJC367"
"1436","98","P2",3.755127857,25,1,"RIJC367"
"1437","98","P3",4.298616761,25,1,"RIJC367"
"1438","99","P1",4.147469267,25,1,"RIJC324"
"1439","99","P2",3.356594395,25,1,"RIJC324"
"1440","99","P3",3.255989642,25,1,"RIJC324"
"1441","D1","P1",2.86385357,21,1,"OACRex"
"1442","D1","P2",2.734867261,21,1,"OACRex"
"1443","D1","P3",2.42477124,21,1,"OACRex"
"1444","D10","P1",NA,0,1,"KBrazilian"
"1445","D10","P2",NA,0,1,"KBrazilian"
"1446","D10","P3",NA,0,1,"KBrazilian"
"1447","D11","P1",3.470553155,21,1,"Vista"
"1448","D11","P2",3.61035721,21,1,"Vista"
"1449","D11","P3",3.697618313,21,1,"Vista"
"1450","D12","P1",NA,0,1,"Seaforth"
"1451","D12","P2",NA,0,1,"Seaforth"
"1452","D12","P3",NA,0,1,"Seaforth"
"1453","D13","P1",4.331912466,21,1,"CDCWM2"
"1454","D13","P2",4.252711297,21,1,"CDCWM2"
"1455","D13","P3",3.862205032,21,1,"CDCWM2"
"1456","D14","P1",3.407913589,21,1,"AC compass"
"1457","D14","P2",3.58258222,21,1,"AC compass"
"1458","D14","P3",3.633106858,21,1,"AC compass"
"1459","D15","P1",5.130987545,21,1,"Tepary22"
"1460","D15","P2",4.407913589,21,1,"Tepary22"
"1461","D15","P3",4.681632497,21,1,"Tepary22"
"1462","D16","P1",3.299650121,21,1,"Pv230"
"1463","D16","P2",3.284669747,21,1,"Pv230"
"1464","D16","P3",3.277317632,21,1,"Pv230"
"1465","D17","P1",3.090462991,21,1,"Lightning"
"1466","D17","P2",3.099850827,21,1,"Lightning"
"1467","D17","P3",3.415860364,21,1,"Lightning"
"1468","D18","P1",3.081749366,21,1,"Nautica"
"1469","D18","P2",2.976263329,21,1,"Nautica"
"1470","D18","P3",3.02988959,21,1,"Nautica"
"1471","D19","P1",4.424921309,21,1,"Envoy"
"1472","D19","P2",4.482527034,21,1,"Envoy"
"1473","D19","P3",4.404770478,21,1,"Envoy"
"1474","D2","P1",2.726342552,21,1,"Navigator"
"1475","D2","P2",3.156891066,21,1,"Navigator"
"1476","D2","P3",3.065421202,21,1,"Navigator"
"1477","D20","P1",4.793730371,21,1,"Tepary32"
"1478","D20","P2",4.930238555,21,1,"Tepary32"
"1479","D20","P3",5.04559481,21,1,"Tepary32"
"1480","D21","P1",2.678071905,21,1,"Nautica"
"1481","D21","P2",2.298753533,21,1,"Nautica"
"1482","D21","P3",2.33150896,21,1,"Nautica"
"1483","D22","P1",3.799896665,21,1,"Tepary22"
"1484","D22","P2",3.839035953,21,1,"Tepary22"
"1485","D22","P3",3.732772221,21,1,"Tepary22"
"1486","D23","P1",2.47474897,21,1,"Avalanche"
"1487","D23","P2",2.70657897,21,1,"Avalanche"
"1488","D23","P3",2.548213138,21,1,"Avalanche"
"1489","D24","P1",3.322474521,21,1,"Tepary32"
"1490","D24","P2",3.517895177,21,1,"Tepary32"
"1491","D24","P3",3.295245625,21,1,"Tepary32"
"1492","D25","P1",2.562735378,21,1,"Lightning"
"1493","D25","P2",2.501942252,21,1,"Lightning"
"1494","D25","P3",2.466124094,21,1,"Lightning"
"1495","D26","P1",3.121296762,21,1,"CDCWM2"
"1496","D26","P2",3.491186305,21,1,"CDCWM2"
"1497","D26","P3",3.493666808,21,1,"CDCWM2"
"1498","D27","P1",3.715680691,21,1,"Centa Pupil"
"1499","D27","P2",3.719244391,21,1,"Centa Pupil"
"1500","D27","P3",3.85343332,21,1,"Centa Pupil"
"1501","D28","P1",2.85774494,21,1,"AC compass"
"1502","D28","P2",2.711281587,21,1,"AC compass"
"1503","D28","P3",2.289544329,21,1,"AC compass"
"1504","D29","P1",NA,NA,1,"OACThunder"
"1505","D29","P2",NA,NA,1,"OACThunder"
"1506","D29","P3",NA,NA,1,"OACThunder"
"1507","D3","P1",NA,NA,1,"OACThunder"
"1508","D3","P2",NA,NA,1,"OACThunder"
"1509","D3","P3",NA,NA,1,"OACThunder"
"1510","D30","P1",2.359003096,21,1,"VAX1"
"1511","D30","P2",2.590364004,21,1,"VAX1"
"1512","D30","P3",2.26660727,21,1,"VAX1"
"1513","D31","P1",2.746856827,21,1,"Navigator"
"1514","D31","P2",2.873134627,21,1,"Navigator"
"1515","D31","P3",2.52072924,21,1,"Navigator"
"1516","D32","P1",2.284669747,21,1,"OACRex"
"1517","D32","P2",2.356508509,21,1,"OACRex"
"1518","D32","P3",2.172912525,21,1,"OACRex"
"1519","D33","P1",3.418178702,21,1,"Expresso"
"1520","D33","P2",3.424921309,21,1,"Expresso"
"1521","D33","P3",3.12528218,21,1,"Expresso"
"1522","D34","P1",2.537168235,21,1,"Pv230"
"1523","D34","P2",2.470553155,21,1,"Pv230"
"1524","D34","P3",2.581749366,21,1,"Pv230"
"1525","D35","P1",4.041046827,21,1,"Envoy"
"1526","D35","P2",4.151433285,21,1,"Envoy"
"1527","D35","P3",4.207618043,21,1,"Envoy"
"1528","D36","P1",2.08443231,21,1,"Vista"
"1529","D36","P2",2.529119712,21,1,"Vista"
"1530","D36","P3",2.534685359,21,1,"Vista"
"1531","D37","P1",NA,0,1,"Seaforth"
"1532","D37","P2",NA,0,1,"Seaforth"
"1533","D37","P3",NA,0,1,"Seaforth"
"1534","D38","P1",NA,0,1,"KBrazilian"
"1535","D38","P2",NA,0,1,"KBrazilian"
"1536","D38","P3",NA,0,1,"KBrazilian"
"1537","D39","P1",3.371807696,21,1,"Portage"
"1538","D39","P2",3.492736509,21,1,"Portage"
"1539","D39","P3",3.644044922,21,1,"Portage"
"1540","D4","P1",3.118714603,21,1,"VAX1"
"1541","D4","P2",3.404214961,21,1,"VAX1"
"1542","D4","P3",2.481338165,21,1,"VAX1"
"1543","D40","P1",3.562735378,21,1,"Pv239"
"1544","D40","P2",3.551490786,21,1,"Pv239"
"1545","D40","P3",3.036970261,21,1,"Pv239"
"1546","D41","P1",2.32062333,30,2,"Nautica"
"1547","D41","P2",2.11755717,30,2,"Nautica"
"1548","D41","P3",2.678520488,30,2,"Nautica"
"1549","D42","P1",7.115245961,28,2,"CDCWM2"
"1550","D42","P2",7.089035953,28,2,"CDCWM2"
"1551","D42","P3",6.418178702,28,2,"CDCWM2"
"1552","D43","P1",5.44238495,28,2,"OACRex"
"1553","D43","P2",5.051168272,28,2,"OACRex"
"1554","D43","P3",5.681632497,28,2,"OACRex"
"1555","D44","P1",5.545243259,28,2,"AC compass"
"1556","D44","P2",5.895769233,28,2,"AC compass"
"1557","D44","P3",5.802772552,28,2,"AC compass"
"1558","D45","P1",5.227976658,28,2,"Centa Pupil"
"1559","D45","P2",5.934408459,28,2,"Centa Pupil"
"1560","D45","P3",5.194555112,28,2,"Centa Pupil"
"1561","D46","P1",NA,28,2,"KBrazilian"
"1562","D46","P2",NA,28,2,"KBrazilian"
"1563","D46","P3",NA,28,2,"KBrazilian"
"1564","D47","P1",8.786173537,28,2,"Pv239"
"1565","D47","P2",9.198977847,28,2,"Pv239"
"1566","D47","P3",9.892622643,28,2,"Pv239"
"1567","D48","P1",NA,28,2,"Tepary32"
"1568","D48","P2",NA,28,2,"Tepary32"
"1569","D48","P3",NA,28,2,"Tepary32"
"1570","D49","P1",5.949660287,28,2,"VAX1"
"1571","D49","P2",6.726896294,28,2,"VAX1"
"1572","D49","P3",7.766105858,28,2,"VAX1"
"1573","D5","P1",3.247747897,21,1,"Avalanche"
"1574","D5","P2",3.23575417,21,1,"Avalanche"
"1575","D5","P3",3.456658384,21,1,"Avalanche"
"1576","D50","P1",6.751968026,28,2,"Pv230"
"1577","D50","P2",6.692472291,28,2,"Pv230"
"1578","D50","P3",6.822278649,28,2,"Pv230"
"1579","D51","P1",NA,28,2,"OACThunder"
"1580","D51","P2",NA,28,2,"OACThunder"
"1581","D51","P3",NA,28,2,"OACThunder"
"1582","D52","P1",7.716368979,28,2,"Portage"
"1583","D52","P2",6.942064593,28,2,"Portage"
"1584","D52","P3",7.331912466,28,2,"Portage"
"1585","D53","P1",7.041046827,28,2,"Vista"
"1586","D53","P2",6.954616189,28,2,"Vista"
"1587","D53","P3",6.789091682,28,2,"Vista"
"1588","D54","P1",8.663993751,28,2,"Avalanche"
"1589","D54","P2",7.618372695,28,2,"Avalanche"
"1590","D54","P3",7.604071324,28,2,"Avalanche"
"1591","D55","P1",6.532382696,28,2,"Expressso"
"1592","D55","P2",6.350491356,28,2,"Expressso"
"1593","D55","P3",6.162857925,28,2,"Expressso"
"1594","D56","P1",7.042942866,28,2,"Envoy"
"1595","D56","P2",7.7990164,28,2,"Envoy"
"1596","D56","P3",7.320997677,28,2,"Envoy"
"1597","D57","P1",NA,28,2,"Seaforth"
"1598","D57","P2",NA,28,2,"Seaforth"
"1599","D57","P3",NA,28,2,"Seaforth"
"1600","D58","P1",7.80924881,28,2,"Navigator"
"1601","D58","P2",5.949660287,28,2,"Navigator"
"1602","D58","P3",7.525230153,28,2,"Navigator"
"1603","D59","P1",9.959027778,28,2,"Tepary22"
"1604","D59","P2",7.840465534,28,2,"Tepary22"
"1605","D59","P3",6.70577548,28,2,"Tepary22"
"1606","D6","P1",4.572428065,21,1,"Pv239"
"1607","D6","P2",4.457786464,21,1,"Pv239"
"1608","D6","P3",4.331912466,21,1,"Pv239"
"1609","D60","P1",6.893420409,28,2,"Lightning"
"1610","D60","P2",5.243767533,28,2,"Lightning"
"1611","D60","P3",5.226652394,28,2,"Lightning"
"1612","D62","P1",8.165956233,28,2,"Tepary32"
"1613","D62","P2",8.227976658,28,2,"Tepary32"
"1614","D62","P3",8.620759673,28,2,"Tepary32"
"1615","D63","P1",7.796885986,28,2,"AC compass"
"1616","D63","P2",6.339035953,28,2,"AC compass"
"1617","D63","P3",7.290700614,28,2,"AC compass"
"1618","D64","P1",5.821878873,28,2,"OACRex"
"1619","D64","P2",6.101755598,28,2,"OACRex"
"1620","D64","P3",5.364066141,28,2,"OACRex"
"1621","D65","P1",6.015291028,28,2,"Portage"
"1622","D65","P2",6.165956233,28,2,"Portage"
"1623","D65","P3",6.165956233,28,2,"Portage"
"1624","D66","P1",9.416511862,28,2,"Pv239"
"1625","D66","P2",9.505991318,28,2,"Pv239"
"1626","D66","P3",8.050725849,28,2,"Pv239"
"1627","D67","P1",11.53502648,28,2,"Tepary22"
"1628","D67","P2",11.47831256,28,2,"Tepary22"
"1629","D67","P3",11.47336752,28,2,"Tepary22"
"1630","D68","P1",7.535026479,28,2,"Avalanche"
"1631","D68","P2",7.5655652,28,2,"Avalanche"
"1632","D68","P3",7.535026479,28,2,"Avalanche"
"1633","D69","P1",5.821878873,28,2,"Navigator"
"1634","D69","P2",5.339035953,28,2,"Navigator"
"1635","D69","P3",6.756470797,28,2,"Navigator"
"1636","D7","P1",3.485697734,21,1,"Expresso"
"1637","D7","P2",3.298616761,21,1,"Expresso"
"1638","D7","P3",3.177265371,21,1,"Expresso"
"1639","D70","P1",6.756470797,28,2,"CDCWM2"
"1640","D70","P2",8.041046827,28,2,"CDCWM2"
"1641","D70","P3",8.041046827,28,2,"CDCWM2"
"1642","D71","P1",5.66839088,28,2,"Nautica"
"1643","D71","P2",6.165956233,28,2,"Nautica"
"1644","D71","P3",5.339035953,28,2,"Nautica"
"1645","D72","P1",5.165956233,28,2,"VAX1"
"1646","D72","P2",5.367211219,28,2,"VAX1"
"1647","D72","P3",4.315088722,28,2,"VAX1"
"1648","D73","P1",5.529119712,28,2,"Expresso"
"1649","D73","P2",5.488608406,28,2,"Expresso"
"1650","D73","P3",5.430676558,28,2,"Expresso"
"1651","D74","P1",NA,28,2,"Seaforth"
"1652","D74","P2",NA,28,2,"Seaforth"
"1653","D74","P3",NA,28,2,"Seaforth"
"1654","D75","P1",6.479190061,28,2,"Vista"
"1655","D75","P2",6.165956233,28,2,"Vista"
"1656","D75","P3",6.198977847,28,2,"Vista"
"1657","D76","P1",NA,28,2,"KBrazilian"
"1658","D76","P2",NA,28,2,"KBrazilian"
"1659","D76","P3",NA,28,2,"KBrazilian"
"1660","D77","P1",6.263034406,28,2,"Lightning"
"1661","D77","P2",6.678071905,28,2,"Lightning"
"1662","D77","P3",5.756470797,28,2,"Lightning"
"1663","D78","P1",NA,28,2,"Centa Pupil"
"1664","D78","P2",NA,28,2,"Centa Pupil"
"1665","D78","P3",NA,28,2,"Centa Pupil"
"1666","D79","P1",6.378235399,28,2,"Pv230"
"1667","D79","P2",6.371807696,28,2,"Pv230"
"1668","D79","P3",5.839035953,28,2,"Pv230"
"1669","D8","P1",3.390377281,21,1,"Centa Pupil"
"1670","D8","P2",3.178071905,21,1,"Centa Pupil"
"1671","D8","P3",3.537168235,21,1,"Centa Pupil"
"1672","D80","P1",7.165956233,28,2,"Envoy"
"1673","D80","P2",7.057011273,28,2,"Envoy"
"1674","D80","P3",6.856788934,28,2,"Envoy"
"1675","D9","P1",3.018162074,21,1,"Portage"
"1676","D9","P2",3.291719581,21,1,"Portage"
"1677","D9","P3",3.23575417,21,1,"Portage"
